GEO.id,GEO.id2,GEO.display-label,D001,D002,D003,D004
Id,Id2,Geography,Population in occupied housing units:,Owned with a mortgage or a loan,Owned free and clear,Renter occupied
1500000US290370600011,290370600011,"Block Group 1, Census Tract 600.01, Cass County, Missouri",31,24,1,6
1500000US290370600012,290370600012,"Block Group 2, Census Tract 600.01, Cass County, Missouri",103,56,7,40
1500000US290370600013,290370600013,"Block Group 3, Census Tract 600.01, Cass County, Missouri",46,11,0,35
1500000US290370600031,290370600031,"Block Group 1, Census Tract 600.03, Cass County, Missouri",43,19,2,22
1500000US290370600032,290370600032,"Block Group 2, Census Tract 600.03, Cass County, Missouri",160,91,5,64
1500000US290370600041,290370600041,"Block Group 1, Census Tract 600.04, Cass County, Missouri",55,16,0,39
1500000US290370600042,290370600042,"Block Group 2, Census Tract 600.04, Cass County, Missouri",13,6,1,6
1500000US290370600043,290370600043,"Block Group 3, Census Tract 600.04, Cass County, Missouri",58,26,0,32
1500000US290370600044,290370600044,"Block Group 4, Census Tract 600.04, Cass County, Missouri",99,83,2,14
1500000US290370601001,290370601001,"Block Group 1, Census Tract 601, Cass County, Missouri",75,0,0,75
1500000US290370601002,290370601002,"Block Group 2, Census Tract 601, Cass County, Missouri",32,18,2,12
1500000US290370602021,290370602021,"Block Group 1, Census Tract 602.02, Cass County, Missouri",46,14,0,32
1500000US290370602022,290370602022,"Block Group 2, Census Tract 602.02, Cass County, Missouri",53,39,0,14
1500000US290370602023,290370602023,"Block Group 3, Census Tract 602.02, Cass County, Missouri",22,12,2,8
1500000US290370603011,290370603011,"Block Group 1, Census Tract 603.01, Cass County, Missouri",435,245,6,184
1500000US290370603012,290370603012,"Block Group 2, Census Tract 603.01, Cass County, Missouri",160,119,10,31
1500000US290370603013,290370603013,"Block Group 3, Census Tract 603.01, Cass County, Missouri",328,214,5,109
1500000US290370603021,290370603021,"Block Group 1, Census Tract 603.02, Cass County, Missouri",111,72,7,32
1500000US290370603022,290370603022,"Block Group 2, Census Tract 603.02, Cass County, Missouri",41,0,0,41
1500000US290370603023,290370603023,"Block Group 3, Census Tract 603.02, Cass County, Missouri",112,99,0,13
1500000US290370603051,290370603051,"Block Group 1, Census Tract 603.05, Cass County, Missouri",387,351,17,19
1500000US290370604001,290370604001,"Block Group 1, Census Tract 604, Cass County, Missouri",2,0,0,2
1500000US290370604002,290370604002,"Block Group 2, Census Tract 604, Cass County, Missouri",6,6,0,0
1500000US290370604003,290370604003,"Block Group 3, Census Tract 604, Cass County, Missouri",51,44,5,2
1500000US290370605001,290370605001,"Block Group 1, Census Tract 605, Cass County, Missouri",11,10,1,0
1500000US290370605002,290370605002,"Block Group 2, Census Tract 605, Cass County, Missouri",7,7,0,0
1500000US290370606001,290370606001,"Block Group 1, Census Tract 606, Cass County, Missouri",21,10,1,10
1500000US290370606002,290370606002,"Block Group 2, Census Tract 606, Cass County, Missouri",2,2,0,0
1500000US290370606003,290370606003,"Block Group 3, Census Tract 606, Cass County, Missouri",7,0,0,7
1500000US290370606004,290370606004,"Block Group 4, Census Tract 606, Cass County, Missouri",9,5,0,4
1500000US290370607001,290370607001,"Block Group 1, Census Tract 607, Cass County, Missouri",4,0,0,4
1500000US290370607002,290370607002,"Block Group 2, Census Tract 607, Cass County, Missouri",9,6,2,1
1500000US290370607003,290370607003,"Block Group 3, Census Tract 607, Cass County, Missouri",14,2,6,6
1500000US290370608001,290370608001,"Block Group 1, Census Tract 608, Cass County, Missouri",6,6,0,0
1500000US290370608002,290370608002,"Block Group 2, Census Tract 608, Cass County, Missouri",16,8,3,5
1500000US290370608003,290370608003,"Block Group 3, Census Tract 608, Cass County, Missouri",6,6,0,0
1500000US290370609041,290370609041,"Block Group 1, Census Tract 609.04, Cass County, Missouri",4,1,0,3
1500000US290370609042,290370609042,"Block Group 2, Census Tract 609.04, Cass County, Missouri",7,2,2,3
1500000US290370610011,290370610011,"Block Group 1, Census Tract 610.01, Cass County, Missouri",41,22,15,4
1500000US290370610012,290370610012,"Block Group 2, Census Tract 610.01, Cass County, Missouri",44,37,2,5
1500000US290370610021,290370610021,"Block Group 1, Census Tract 610.02, Cass County, Missouri",97,54,0,43
1500000US290370610022,290370610022,"Block Group 2, Census Tract 610.02, Cass County, Missouri",16,2,4,10
1500000US290370610023,290370610023,"Block Group 3, Census Tract 610.02, Cass County, Missouri",9,9,0,0
1500000US290370611001,290370611001,"Block Group 1, Census Tract 611, Cass County, Missouri",14,0,0,14
1500000US290370611002,290370611002,"Block Group 2, Census Tract 611, Cass County, Missouri",0,0,0,0
1500000US290370611003,290370611003,"Block Group 3, Census Tract 611, Cass County, Missouri",5,2,3,0
1500000US290370611004,290370611004,"Block Group 4, Census Tract 611, Cass County, Missouri",3,3,0,0
1500000US290370612001,290370612001,"Block Group 1, Census Tract 612, Cass County, Missouri",2,0,2,0
1500000US290370612002,290370612002,"Block Group 2, Census Tract 612, Cass County, Missouri",4,2,2,0
1500000US290370612003,290370612003,"Block Group 3, Census Tract 612, Cass County, Missouri",2,0,2,0
1500000US290370613001,290370613001,"Block Group 1, Census Tract 613, Cass County, Missouri",23,0,4,19
1500000US290370613002,290370613002,"Block Group 2, Census Tract 613, Cass County, Missouri",164,22,6,136
1500000US290370613003,290370613003,"Block Group 3, Census Tract 613, Cass County, Missouri",13,4,0,9
1500000US290370613004,290370613004,"Block Group 4, Census Tract 613, Cass County, Missouri",390,109,4,277
1500000US290370614001,290370614001,"Block Group 1, Census Tract 614, Cass County, Missouri",37,16,0,21
1500000US290370614002,290370614002,"Block Group 2, Census Tract 614, Cass County, Missouri",17,8,0,9
1500000US290370614003,290370614003,"Block Group 3, Census Tract 614, Cass County, Missouri",0,0,0,0
1500000US290470202011,290470202011,"Block Group 1, Census Tract 202.01, Clay County, Missouri",27,5,0,22
1500000US290470202012,290470202012,"Block Group 2, Census Tract 202.01, Clay County, Missouri",146,9,4,133
1500000US290470202013,290470202013,"Block Group 3, Census Tract 202.01, Clay County, Missouri",203,17,0,186
1500000US290470202014,290470202014,"Block Group 4, Census Tract 202.01, Clay County, Missouri",83,35,0,48
1500000US290470202021,290470202021,"Block Group 1, Census Tract 202.02, Clay County, Missouri",44,41,2,1
1500000US290470202022,290470202022,"Block Group 2, Census Tract 202.02, Clay County, Missouri",13,11,0,2
1500000US290470202023,290470202023,"Block Group 3, Census Tract 202.02, Clay County, Missouri",68,43,1,24
1500000US290470203001,290470203001,"Block Group 1, Census Tract 203, Clay County, Missouri",20,0,3,17
1500000US290470203002,290470203002,"Block Group 2, Census Tract 203, Clay County, Missouri",115,23,0,92
1500000US290470203003,290470203003,"Block Group 3, Census Tract 203, Clay County, Missouri",21,12,0,9
1500000US290470203004,290470203004,"Block Group 4, Census Tract 203, Clay County, Missouri",28,20,4,4
1500000US290470203005,290470203005,"Block Group 5, Census Tract 203, Clay County, Missouri",331,53,3,275
1500000US290470204001,290470204001,"Block Group 1, Census Tract 204, Clay County, Missouri",25,17,3,5
1500000US290470204002,290470204002,"Block Group 2, Census Tract 204, Clay County, Missouri",275,38,2,235
1500000US290470205001,290470205001,"Block Group 1, Census Tract 205, Clay County, Missouri",133,20,0,113
1500000US290470205002,290470205002,"Block Group 2, Census Tract 205, Clay County, Missouri",102,16,1,85
1500000US290470205003,290470205003,"Block Group 3, Census Tract 205, Clay County, Missouri",96,28,0,68
1500000US290470205004,290470205004,"Block Group 4, Census Tract 205, Clay County, Missouri",233,0,0,233
1500000US290470205005,290470205005,"Block Group 5, Census Tract 205, Clay County, Missouri",22,6,0,16
1500000US290470205006,290470205006,"Block Group 6, Census Tract 205, Clay County, Missouri",54,11,0,43
1500000US290470206021,290470206021,"Block Group 1, Census Tract 206.02, Clay County, Missouri",31,20,0,11
1500000US290470206022,290470206022,"Block Group 2, Census Tract 206.02, Clay County, Missouri",64,35,0,29
1500000US290470206023,290470206023,"Block Group 3, Census Tract 206.02, Clay County, Missouri",45,26,5,14
1500000US290470206024,290470206024,"Block Group 4, Census Tract 206.02, Clay County, Missouri",185,4,4,177
1500000US290470206025,290470206025,"Block Group 5, Census Tract 206.02, Clay County, Missouri",334,0,0,334
1500000US290470206031,290470206031,"Block Group 1, Census Tract 206.03, Clay County, Missouri",44,16,0,28
1500000US290470206032,290470206032,"Block Group 2, Census Tract 206.03, Clay County, Missouri",119,47,0,72
1500000US290470206033,290470206033,"Block Group 3, Census Tract 206.03, Clay County, Missouri",38,34,0,4
1500000US290470206041,290470206041,"Block Group 1, Census Tract 206.04, Clay County, Missouri",175,39,0,136
1500000US290470206042,290470206042,"Block Group 2, Census Tract 206.04, Clay County, Missouri",32,14,0,18
1500000US290470206043,290470206043,"Block Group 3, Census Tract 206.04, Clay County, Missouri",34,12,0,22
1500000US290470206044,290470206044,"Block Group 4, Census Tract 206.04, Clay County, Missouri",78,39,2,37
1500000US290470206045,290470206045,"Block Group 5, Census Tract 206.04, Clay County, Missouri",51,37,0,14
1500000US290470208011,290470208011,"Block Group 1, Census Tract 208.01, Clay County, Missouri",39,17,1,21
1500000US290470208012,290470208012,"Block Group 2, Census Tract 208.01, Clay County, Missouri",17,9,0,8
1500000US290470208013,290470208013,"Block Group 3, Census Tract 208.01, Clay County, Missouri",12,6,0,6
1500000US290470208014,290470208014,"Block Group 4, Census Tract 208.01, Clay County, Missouri",30,0,0,30
1500000US290470208015,290470208015,"Block Group 5, Census Tract 208.01, Clay County, Missouri",130,57,4,69
1500000US290470209011,290470209011,"Block Group 1, Census Tract 209.01, Clay County, Missouri",73,67,2,4
1500000US290470209012,290470209012,"Block Group 2, Census Tract 209.01, Clay County, Missouri",13,6,0,7
1500000US290470209013,290470209013,"Block Group 3, Census Tract 209.01, Clay County, Missouri",32,20,2,10
1500000US290470209014,290470209014,"Block Group 4, Census Tract 209.01, Clay County, Missouri",30,18,0,12
1500000US290470209015,290470209015,"Block Group 5, Census Tract 209.01, Clay County, Missouri",56,11,0,45
1500000US290470209021,290470209021,"Block Group 1, Census Tract 209.02, Clay County, Missouri",65,38,2,25
1500000US290470209022,290470209022,"Block Group 2, Census Tract 209.02, Clay County, Missouri",22,17,0,5
1500000US290470210011,290470210011,"Block Group 1, Census Tract 210.01, Clay County, Missouri",188,27,0,161
1500000US290470210012,290470210012,"Block Group 2, Census Tract 210.01, Clay County, Missouri",13,6,0,7
1500000US290470210031,290470210031,"Block Group 1, Census Tract 210.03, Clay County, Missouri",67,50,3,14
1500000US290470210032,290470210032,"Block Group 2, Census Tract 210.03, Clay County, Missouri",131,21,2,108
1500000US290470210041,290470210041,"Block Group 1, Census Tract 210.04, Clay County, Missouri",76,20,0,56
1500000US290470210042,290470210042,"Block Group 2, Census Tract 210.04, Clay County, Missouri",41,38,0,3
1500000US290470210043,290470210043,"Block Group 3, Census Tract 210.04, Clay County, Missouri",36,15,0,21
1500000US290470211011,290470211011,"Block Group 1, Census Tract 211.01, Clay County, Missouri",41,20,0,21
1500000US290470211012,290470211012,"Block Group 2, Census Tract 211.01, Clay County, Missouri",31,11,0,20
1500000US290470211013,290470211013,"Block Group 3, Census Tract 211.01, Clay County, Missouri",38,2,0,36
1500000US290470211014,290470211014,"Block Group 4, Census Tract 211.01, Clay County, Missouri",16,7,0,9
1500000US290470211015,290470211015,"Block Group 5, Census Tract 211.01, Clay County, Missouri",37,8,0,29
1500000US290470211016,290470211016,"Block Group 6, Census Tract 211.01, Clay County, Missouri",30,7,2,21
1500000US290470211021,290470211021,"Block Group 1, Census Tract 211.02, Clay County, Missouri",116,37,0,79
1500000US290470211022,290470211022,"Block Group 2, Census Tract 211.02, Clay County, Missouri",149,29,4,116
1500000US290470211023,290470211023,"Block Group 3, Census Tract 211.02, Clay County, Missouri",10,5,5,0
1500000US290470211024,290470211024,"Block Group 4, Census Tract 211.02, Clay County, Missouri",19,16,0,3
1500000US290470211025,290470211025,"Block Group 5, Census Tract 211.02, Clay County, Missouri",42,42,0,0
1500000US290470211026,290470211026,"Block Group 6, Census Tract 211.02, Clay County, Missouri",73,8,2,63
1500000US290470211031,290470211031,"Block Group 1, Census Tract 211.03, Clay County, Missouri",43,2,0,41
1500000US290470211032,290470211032,"Block Group 2, Census Tract 211.03, Clay County, Missouri",42,10,0,32
1500000US290470211033,290470211033,"Block Group 3, Census Tract 211.03, Clay County, Missouri",22,12,3,7
1500000US290470211034,290470211034,"Block Group 4, Census Tract 211.03, Clay County, Missouri",36,13,3,20
1500000US290470212041,290470212041,"Block Group 1, Census Tract 212.04, Clay County, Missouri",240,146,7,87
1500000US290470212042,290470212042,"Block Group 2, Census Tract 212.04, Clay County, Missouri",32,13,8,11
1500000US290470212043,290470212043,"Block Group 3, Census Tract 212.04, Clay County, Missouri",279,0,0,279
1500000US290470212051,290470212051,"Block Group 1, Census Tract 212.05, Clay County, Missouri",100,46,0,54
1500000US290470212052,290470212052,"Block Group 2, Census Tract 212.05, Clay County, Missouri",121,89,0,32
1500000US290470212053,290470212053,"Block Group 3, Census Tract 212.05, Clay County, Missouri",158,44,3,111
1500000US290470212061,290470212061,"Block Group 1, Census Tract 212.06, Clay County, Missouri",64,25,2,37
1500000US290470212062,290470212062,"Block Group 2, Census Tract 212.06, Clay County, Missouri",87,77,1,9
1500000US290470212063,290470212063,"Block Group 3, Census Tract 212.06, Clay County, Missouri",53,37,2,14
1500000US290470212064,290470212064,"Block Group 4, Census Tract 212.06, Clay County, Missouri",49,43,6,0
1500000US290470212065,290470212065,"Block Group 5, Census Tract 212.06, Clay County, Missouri",84,68,0,16
1500000US290470212071,290470212071,"Block Group 1, Census Tract 212.07, Clay County, Missouri",287,39,0,248
1500000US290470212072,290470212072,"Block Group 2, Census Tract 212.07, Clay County, Missouri",79,10,0,69
1500000US290470212081,290470212081,"Block Group 1, Census Tract 212.08, Clay County, Missouri",243,57,0,186
1500000US290470212082,290470212082,"Block Group 2, Census Tract 212.08, Clay County, Missouri",516,14,0,502
1500000US290470212083,290470212083,"Block Group 3, Census Tract 212.08, Clay County, Missouri",64,56,3,5
1500000US290470212084,290470212084,"Block Group 4, Census Tract 212.08, Clay County, Missouri",112,29,0,83
1500000US290470213031,290470213031,"Block Group 1, Census Tract 213.03, Clay County, Missouri",24,22,1,1
1500000US290470213032,290470213032,"Block Group 2, Census Tract 213.03, Clay County, Missouri",15,13,1,1
1500000US290470213051,290470213051,"Block Group 1, Census Tract 213.05, Clay County, Missouri",108,74,0,34
1500000US290470213052,290470213052,"Block Group 2, Census Tract 213.05, Clay County, Missouri",68,63,5,0
1500000US290470213053,290470213053,"Block Group 3, Census Tract 213.05, Clay County, Missouri",79,54,2,23
1500000US290470213054,290470213054,"Block Group 4, Census Tract 213.05, Clay County, Missouri",62,46,0,16
1500000US290470213061,290470213061,"Block Group 1, Census Tract 213.06, Clay County, Missouri",107,82,6,19
1500000US290470213062,290470213062,"Block Group 2, Census Tract 213.06, Clay County, Missouri",148,84,0,64
1500000US290470213063,290470213063,"Block Group 3, Census Tract 213.06, Clay County, Missouri",95,73,2,20
1500000US290470213071,290470213071,"Block Group 1, Census Tract 213.07, Clay County, Missouri",106,32,0,74
1500000US290470213072,290470213072,"Block Group 2, Census Tract 213.07, Clay County, Missouri",113,94,2,17
1500000US290470213073,290470213073,"Block Group 3, Census Tract 213.07, Clay County, Missouri",228,53,0,175
1500000US290470213091,290470213091,"Block Group 1, Census Tract 213.09, Clay County, Missouri",132,92,13,27
1500000US290470213101,290470213101,"Block Group 1, Census Tract 213.10, Clay County, Missouri",120,112,2,6
1500000US290470213102,290470213102,"Block Group 2, Census Tract 213.10, Clay County, Missouri",153,134,0,19
1500000US290470214011,290470214011,"Block Group 1, Census Tract 214.01, Clay County, Missouri",43,11,2,30
1500000US290470214012,290470214012,"Block Group 2, Census Tract 214.01, Clay County, Missouri",78,24,0,54
1500000US290470214031,290470214031,"Block Group 1, Census Tract 214.03, Clay County, Missouri",52,16,4,32
1500000US290470214032,290470214032,"Block Group 2, Census Tract 214.03, Clay County, Missouri",59,13,5,41
1500000US290470214041,290470214041,"Block Group 1, Census Tract 214.04, Clay County, Missouri",29,15,0,14
1500000US290470214042,290470214042,"Block Group 2, Census Tract 214.04, Clay County, Missouri",104,33,10,61
1500000US290470216001,290470216001,"Block Group 1, Census Tract 216, Clay County, Missouri",11,11,0,0
1500000US290470216002,290470216002,"Block Group 2, Census Tract 216, Clay County, Missouri",25,25,0,0
1500000US290470216003,290470216003,"Block Group 3, Census Tract 216, Clay County, Missouri",175,81,0,94
1500000US290470216004,290470216004,"Block Group 4, Census Tract 216, Clay County, Missouri",22,16,0,6
1500000US290470216005,290470216005,"Block Group 5, Census Tract 216, Clay County, Missouri",15,6,5,4
1500000US290470217011,290470217011,"Block Group 1, Census Tract 217.01, Clay County, Missouri",10,5,0,5
1500000US290470217012,290470217012,"Block Group 2, Census Tract 217.01, Clay County, Missouri",32,20,0,12
1500000US290470217013,290470217013,"Block Group 3, Census Tract 217.01, Clay County, Missouri",44,11,0,33
1500000US290470217021,290470217021,"Block Group 1, Census Tract 217.02, Clay County, Missouri",8,0,0,8
1500000US290470217022,290470217022,"Block Group 2, Census Tract 217.02, Clay County, Missouri",29,5,0,24
1500000US290470217023,290470217023,"Block Group 3, Census Tract 217.02, Clay County, Missouri",13,0,0,13
1500000US290470217024,290470217024,"Block Group 4, Census Tract 217.02, Clay County, Missouri",28,2,8,18
1500000US290470217025,290470217025,"Block Group 5, Census Tract 217.02, Clay County, Missouri",30,17,4,9
1500000US290470217026,290470217026,"Block Group 6, Census Tract 217.02, Clay County, Missouri",12,3,0,9
1500000US290470218031,290470218031,"Block Group 1, Census Tract 218.03, Clay County, Missouri",132,75,2,55
1500000US290470218032,290470218032,"Block Group 2, Census Tract 218.03, Clay County, Missouri",93,69,0,24
1500000US290470218033,290470218033,"Block Group 3, Census Tract 218.03, Clay County, Missouri",112,96,2,14
1500000US290470218041,290470218041,"Block Group 1, Census Tract 218.04, Clay County, Missouri",2,2,0,0
1500000US290470218042,290470218042,"Block Group 2, Census Tract 218.04, Clay County, Missouri",3,0,0,3
1500000US290470218043,290470218043,"Block Group 3, Census Tract 218.04, Clay County, Missouri",7,7,0,0
1500000US290470218044,290470218044,"Block Group 4, Census Tract 218.04, Clay County, Missouri",21,13,0,8
1500000US290470218051,290470218051,"Block Group 1, Census Tract 218.05, Clay County, Missouri",4,4,0,0
1500000US290470218052,290470218052,"Block Group 2, Census Tract 218.05, Clay County, Missouri",0,0,0,0
1500000US290470218053,290470218053,"Block Group 3, Census Tract 218.05, Clay County, Missouri",4,0,0,4
1500000US290470218054,290470218054,"Block Group 4, Census Tract 218.05, Clay County, Missouri",13,13,0,0
1500000US290470218061,290470218061,"Block Group 1, Census Tract 218.06, Clay County, Missouri",6,6,0,0
1500000US290470218062,290470218062,"Block Group 2, Census Tract 218.06, Clay County, Missouri",4,4,0,0
1500000US290470218063,290470218063,"Block Group 3, Census Tract 218.06, Clay County, Missouri",7,5,0,2
1500000US290470219001,290470219001,"Block Group 1, Census Tract 219, Clay County, Missouri",26,16,3,7
1500000US290470219002,290470219002,"Block Group 2, Census Tract 219, Clay County, Missouri",21,16,0,5
1500000US290470220001,290470220001,"Block Group 1, Census Tract 220, Clay County, Missouri",5,4,0,1
1500000US290470220002,290470220002,"Block Group 2, Census Tract 220, Clay County, Missouri",26,21,0,5
1500000US290470221001,290470221001,"Block Group 1, Census Tract 221, Clay County, Missouri",65,0,0,65
1500000US290470221002,290470221002,"Block Group 2, Census Tract 221, Clay County, Missouri",62,0,0,62
1500000US290470221003,290470221003,"Block Group 3, Census Tract 221, Clay County, Missouri",75,10,0,65
1500000US290470221004,290470221004,"Block Group 4, Census Tract 221, Clay County, Missouri",165,8,2,155
1500000US290470221005,290470221005,"Block Group 5, Census Tract 221, Clay County, Missouri",108,0,0,108
1500000US290470222001,290470222001,"Block Group 1, Census Tract 222, Clay County, Missouri",68,44,2,22
1500000US290470222002,290470222002,"Block Group 2, Census Tract 222, Clay County, Missouri",26,14,0,12
1500000US290470222003,290470222003,"Block Group 3, Census Tract 222, Clay County, Missouri",61,44,3,14
1500000US290470223011,290470223011,"Block Group 1, Census Tract 223.01, Clay County, Missouri",57,30,0,27
1500000US290470223012,290470223012,"Block Group 2, Census Tract 223.01, Clay County, Missouri",31,29,2,0
1500000US290470223013,290470223013,"Block Group 3, Census Tract 223.01, Clay County, Missouri",14,2,0,12
1500000US290470223021,290470223021,"Block Group 1, Census Tract 223.02, Clay County, Missouri",6,0,0,6
1500000US290470223022,290470223022,"Block Group 2, Census Tract 223.02, Clay County, Missouri",32,21,3,8
1500000US290470223023,290470223023,"Block Group 3, Census Tract 223.02, Clay County, Missouri",75,71,4,0
1500000US290950003001,290950003001,"Block Group 1, Census Tract 3, Jackson County, Missouri",439,5,4,430
1500000US290950006001,290950006001,"Block Group 1, Census Tract 6, Jackson County, Missouri",39,6,0,33
1500000US290950006002,290950006002,"Block Group 2, Census Tract 6, Jackson County, Missouri",103,13,26,64
1500000US290950006003,290950006003,"Block Group 3, Census Tract 6, Jackson County, Missouri",37,8,1,28
1500000US290950006004,290950006004,"Block Group 4, Census Tract 6, Jackson County, Missouri",113,37,0,76
1500000US290950007001,290950007001,"Block Group 1, Census Tract 7, Jackson County, Missouri",127,32,0,95
1500000US290950007002,290950007002,"Block Group 2, Census Tract 7, Jackson County, Missouri",115,33,32,50
1500000US290950007003,290950007003,"Block Group 3, Census Tract 7, Jackson County, Missouri",74,14,6,54
1500000US290950007004,290950007004,"Block Group 4, Census Tract 7, Jackson County, Missouri",96,48,10,38
1500000US290950008001,290950008001,"Block Group 1, Census Tract 8, Jackson County, Missouri",81,35,0,46
1500000US290950008002,290950008002,"Block Group 2, Census Tract 8, Jackson County, Missouri",225,64,13,148
1500000US290950008003,290950008003,"Block Group 3, Census Tract 8, Jackson County, Missouri",76,30,0,46
1500000US290950008004,290950008004,"Block Group 4, Census Tract 8, Jackson County, Missouri",191,37,8,146
1500000US290950009001,290950009001,"Block Group 1, Census Tract 9, Jackson County, Missouri",74,13,1,60
1500000US290950009002,290950009002,"Block Group 2, Census Tract 9, Jackson County, Missouri",188,28,34,126
1500000US290950009003,290950009003,"Block Group 3, Census Tract 9, Jackson County, Missouri",78,14,20,44
1500000US290950009004,290950009004,"Block Group 4, Census Tract 9, Jackson County, Missouri",221,14,1,206
1500000US290950010001,290950010001,"Block Group 1, Census Tract 10, Jackson County, Missouri",219,42,5,172
1500000US290950010002,290950010002,"Block Group 2, Census Tract 10, Jackson County, Missouri",341,27,2,312
1500000US290950010003,290950010003,"Block Group 3, Census Tract 10, Jackson County, Missouri",911,12,8,891
1500000US290950011001,290950011001,"Block Group 1, Census Tract 11, Jackson County, Missouri",178,10,2,166
1500000US290950011002,290950011002,"Block Group 2, Census Tract 11, Jackson County, Missouri",62,5,0,57
1500000US290950018001,290950018001,"Block Group 1, Census Tract 18, Jackson County, Missouri",169,13,4,152
1500000US290950018002,290950018002,"Block Group 2, Census Tract 18, Jackson County, Missouri",136,26,25,85
1500000US290950018003,290950018003,"Block Group 3, Census Tract 18, Jackson County, Missouri",264,47,18,199
1500000US290950018004,290950018004,"Block Group 4, Census Tract 18, Jackson County, Missouri",199,33,16,150
1500000US290950019001,290950019001,"Block Group 1, Census Tract 19, Jackson County, Missouri",172,34,3,135
1500000US290950019002,290950019002,"Block Group 2, Census Tract 19, Jackson County, Missouri",216,0,1,215
1500000US290950019003,290950019003,"Block Group 3, Census Tract 19, Jackson County, Missouri",94,7,1,86
1500000US290950019004,290950019004,"Block Group 4, Census Tract 19, Jackson County, Missouri",66,7,10,49
1500000US290950020001,290950020001,"Block Group 1, Census Tract 20, Jackson County, Missouri",83,32,2,49
1500000US290950020002,290950020002,"Block Group 2, Census Tract 20, Jackson County, Missouri",68,27,3,38
1500000US290950021001,290950021001,"Block Group 1, Census Tract 21, Jackson County, Missouri",63,16,0,47
1500000US290950021002,290950021002,"Block Group 2, Census Tract 21, Jackson County, Missouri",632,39,4,589
1500000US290950021003,290950021003,"Block Group 3, Census Tract 21, Jackson County, Missouri",190,38,17,135
1500000US290950021004,290950021004,"Block Group 4, Census Tract 21, Jackson County, Missouri",109,39,0,70
1500000US290950022001,290950022001,"Block Group 1, Census Tract 22, Jackson County, Missouri",192,43,7,142
1500000US290950022002,290950022002,"Block Group 2, Census Tract 22, Jackson County, Missouri",295,65,19,211
1500000US290950022003,290950022003,"Block Group 3, Census Tract 22, Jackson County, Missouri",279,87,24,168
1500000US290950023001,290950023001,"Block Group 1, Census Tract 23, Jackson County, Missouri",372,115,15,242
1500000US290950023002,290950023002,"Block Group 2, Census Tract 23, Jackson County, Missouri",529,244,57,228
1500000US290950034001,290950034001,"Block Group 1, Census Tract 34, Jackson County, Missouri",336,127,40,169
1500000US290950034002,290950034002,"Block Group 2, Census Tract 34, Jackson County, Missouri",287,68,14,205
1500000US290950034003,290950034003,"Block Group 3, Census Tract 34, Jackson County, Missouri",269,57,24,188
1500000US290950034004,290950034004,"Block Group 4, Census Tract 34, Jackson County, Missouri",445,110,71,264
1500000US290950037001,290950037001,"Block Group 1, Census Tract 37, Jackson County, Missouri",894,231,153,510
1500000US290950038001,290950038001,"Block Group 1, Census Tract 38, Jackson County, Missouri",661,277,99,285
1500000US290950038002,290950038002,"Block Group 2, Census Tract 38, Jackson County, Missouri",898,216,115,567
1500000US290950043001,290950043001,"Block Group 1, Census Tract 43, Jackson County, Missouri",473,31,0,442
1500000US290950043002,290950043002,"Block Group 2, Census Tract 43, Jackson County, Missouri",165,28,15,122
1500000US290950044001,290950044001,"Block Group 1, Census Tract 44, Jackson County, Missouri",19,13,4,2
1500000US290950044002,290950044002,"Block Group 2, Census Tract 44, Jackson County, Missouri",72,7,0,65
1500000US290950046001,290950046001,"Block Group 1, Census Tract 46, Jackson County, Missouri",39,19,2,18
1500000US290950046002,290950046002,"Block Group 2, Census Tract 46, Jackson County, Missouri",243,1,1,241
1500000US290950046003,290950046003,"Block Group 3, Census Tract 46, Jackson County, Missouri",42,1,1,40
1500000US290950051001,290950051001,"Block Group 1, Census Tract 51, Jackson County, Missouri",112,62,2,48
1500000US290950051002,290950051002,"Block Group 2, Census Tract 51, Jackson County, Missouri",182,6,0,176
1500000US290950052001,290950052001,"Block Group 1, Census Tract 52, Jackson County, Missouri",540,201,33,306
1500000US290950052002,290950052002,"Block Group 2, Census Tract 52, Jackson County, Missouri",370,82,41,247
1500000US290950053001,290950053001,"Block Group 1, Census Tract 53, Jackson County, Missouri",630,229,120,281
1500000US290950053002,290950053002,"Block Group 2, Census Tract 53, Jackson County, Missouri",395,160,17,218
1500000US290950054001,290950054001,"Block Group 1, Census Tract 54, Jackson County, Missouri",788,159,182,447
1500000US290950055001,290950055001,"Block Group 1, Census Tract 55, Jackson County, Missouri",826,154,227,445
1500000US290950056011,290950056011,"Block Group 1, Census Tract 56.01, Jackson County, Missouri",614,144,72,398
1500000US290950056012,290950056012,"Block Group 2, Census Tract 56.01, Jackson County, Missouri",771,183,178,410
1500000US290950056021,290950056021,"Block Group 1, Census Tract 56.02, Jackson County, Missouri",783,222,165,396
1500000US290950056022,290950056022,"Block Group 2, Census Tract 56.02, Jackson County, Missouri",573,151,186,236
1500000US290950057001,290950057001,"Block Group 1, Census Tract 57, Jackson County, Missouri",497,134,163,200
1500000US290950057002,290950057002,"Block Group 2, Census Tract 57, Jackson County, Missouri",485,126,105,254
1500000US290950057003,290950057003,"Block Group 3, Census Tract 57, Jackson County, Missouri",602,200,151,251
1500000US290950057004,290950057004,"Block Group 4, Census Tract 57, Jackson County, Missouri",458,145,98,215
1500000US290950058011,290950058011,"Block Group 1, Census Tract 58.01, Jackson County, Missouri",472,185,136,151
1500000US290950058012,290950058012,"Block Group 2, Census Tract 58.01, Jackson County, Missouri",604,130,115,359
1500000US290950058013,290950058013,"Block Group 3, Census Tract 58.01, Jackson County, Missouri",636,90,64,482
1500000US290950060001,290950060001,"Block Group 1, Census Tract 60, Jackson County, Missouri",393,111,72,210
1500000US290950060002,290950060002,"Block Group 2, Census Tract 60, Jackson County, Missouri",862,222,238,402
1500000US290950061001,290950061001,"Block Group 1, Census Tract 61, Jackson County, Missouri",1139,227,358,554
1500000US290950061002,290950061002,"Block Group 2, Census Tract 61, Jackson County, Missouri",555,205,148,202
1500000US290950061003,290950061003,"Block Group 3, Census Tract 61, Jackson County, Missouri",645,201,175,269
1500000US290950063001,290950063001,"Block Group 1, Census Tract 63, Jackson County, Missouri",401,95,32,274
1500000US290950063002,290950063002,"Block Group 2, Census Tract 63, Jackson County, Missouri",1024,168,97,759
1500000US290950065001,290950065001,"Block Group 1, Census Tract 65, Jackson County, Missouri",217,48,4,165
1500000US290950065002,290950065002,"Block Group 2, Census Tract 65, Jackson County, Missouri",123,37,5,81
1500000US290950066001,290950066001,"Block Group 1, Census Tract 66, Jackson County, Missouri",12,0,0,12
1500000US290950066002,290950066002,"Block Group 2, Census Tract 66, Jackson County, Missouri",94,10,2,82
1500000US290950067001,290950067001,"Block Group 1, Census Tract 67, Jackson County, Missouri",111,2,0,109
1500000US290950067002,290950067002,"Block Group 2, Census Tract 67, Jackson County, Missouri",156,19,0,137
1500000US290950069001,290950069001,"Block Group 1, Census Tract 69, Jackson County, Missouri",17,4,0,13
1500000US290950069002,290950069002,"Block Group 2, Census Tract 69, Jackson County, Missouri",44,4,4,36
1500000US290950071001,290950071001,"Block Group 1, Census Tract 71, Jackson County, Missouri",72,8,0,64
1500000US290950071002,290950071002,"Block Group 2, Census Tract 71, Jackson County, Missouri",36,4,0,32
1500000US290950071003,290950071003,"Block Group 3, Census Tract 71, Jackson County, Missouri",23,7,1,15
1500000US290950072001,290950072001,"Block Group 1, Census Tract 72, Jackson County, Missouri",8,8,0,0
1500000US290950072002,290950072002,"Block Group 2, Census Tract 72, Jackson County, Missouri",15,3,0,12
1500000US290950073001,290950073001,"Block Group 1, Census Tract 73, Jackson County, Missouri",32,3,0,29
1500000US290950073002,290950073002,"Block Group 2, Census Tract 73, Jackson County, Missouri",67,0,0,67
1500000US290950073003,290950073003,"Block Group 3, Census Tract 73, Jackson County, Missouri",24,5,0,19
1500000US290950074001,290950074001,"Block Group 1, Census Tract 74, Jackson County, Missouri",26,6,2,18
1500000US290950074002,290950074002,"Block Group 2, Census Tract 74, Jackson County, Missouri",16,4,0,12
1500000US290950074003,290950074003,"Block Group 3, Census Tract 74, Jackson County, Missouri",22,7,1,14
1500000US290950074004,290950074004,"Block Group 4, Census Tract 74, Jackson County, Missouri",6,0,0,6
1500000US290950075001,290950075001,"Block Group 1, Census Tract 75, Jackson County, Missouri",742,251,102,389
1500000US290950075002,290950075002,"Block Group 2, Census Tract 75, Jackson County, Missouri",306,79,17,210
1500000US290950075003,290950075003,"Block Group 3, Census Tract 75, Jackson County, Missouri",178,53,21,104
1500000US290950076001,290950076001,"Block Group 1, Census Tract 76, Jackson County, Missouri",622,203,100,319
1500000US290950076002,290950076002,"Block Group 2, Census Tract 76, Jackson County, Missouri",516,176,106,234
1500000US290950076003,290950076003,"Block Group 3, Census Tract 76, Jackson County, Missouri",810,264,157,389
1500000US290950077001,290950077001,"Block Group 1, Census Tract 77, Jackson County, Missouri",588,167,101,320
1500000US290950077002,290950077002,"Block Group 2, Census Tract 77, Jackson County, Missouri",892,272,199,421
1500000US290950078021,290950078021,"Block Group 1, Census Tract 78.02, Jackson County, Missouri",420,127,90,203
1500000US290950078022,290950078022,"Block Group 2, Census Tract 78.02, Jackson County, Missouri",682,203,143,336
1500000US290950078023,290950078023,"Block Group 3, Census Tract 78.02, Jackson County, Missouri",945,283,158,504
1500000US290950079001,290950079001,"Block Group 1, Census Tract 79, Jackson County, Missouri",1026,216,115,695
1500000US290950079002,290950079002,"Block Group 2, Census Tract 79, Jackson County, Missouri",532,148,103,281
1500000US290950079003,290950079003,"Block Group 3, Census Tract 79, Jackson County, Missouri",505,260,96,149
1500000US290950079004,290950079004,"Block Group 4, Census Tract 79, Jackson County, Missouri",493,165,93,235
1500000US290950079005,290950079005,"Block Group 5, Census Tract 79, Jackson County, Missouri",599,224,100,275
1500000US290950080001,290950080001,"Block Group 1, Census Tract 80, Jackson County, Missouri",775,319,117,339
1500000US290950080002,290950080002,"Block Group 2, Census Tract 80, Jackson County, Missouri",865,209,142,514
1500000US290950080003,290950080003,"Block Group 3, Census Tract 80, Jackson County, Missouri",1116,511,56,549
1500000US290950081001,290950081001,"Block Group 1, Census Tract 81, Jackson County, Missouri",602,281,142,179
1500000US290950081002,290950081002,"Block Group 2, Census Tract 81, Jackson County, Missouri",1234,466,172,596
1500000US290950082001,290950082001,"Block Group 1, Census Tract 82, Jackson County, Missouri",26,16,2,8
1500000US290950082002,290950082002,"Block Group 2, Census Tract 82, Jackson County, Missouri",21,17,0,4
1500000US290950082003,290950082003,"Block Group 3, Census Tract 82, Jackson County, Missouri",49,30,3,16
1500000US290950082004,290950082004,"Block Group 4, Census Tract 82, Jackson County, Missouri",34,25,4,5
1500000US290950083001,290950083001,"Block Group 1, Census Tract 83, Jackson County, Missouri",26,24,2,0
1500000US290950083002,290950083002,"Block Group 2, Census Tract 83, Jackson County, Missouri",27,27,0,0
1500000US290950084001,290950084001,"Block Group 1, Census Tract 84, Jackson County, Missouri",0,0,0,0
1500000US290950084002,290950084002,"Block Group 2, Census Tract 84, Jackson County, Missouri",0,0,0,0
1500000US290950084003,290950084003,"Block Group 3, Census Tract 84, Jackson County, Missouri",33,30,3,0
1500000US290950085001,290950085001,"Block Group 1, Census Tract 85, Jackson County, Missouri",13,13,0,0
1500000US290950085002,290950085002,"Block Group 2, Census Tract 85, Jackson County, Missouri",19,16,1,2
1500000US290950085003,290950085003,"Block Group 3, Census Tract 85, Jackson County, Missouri",27,23,0,4
1500000US290950086001,290950086001,"Block Group 1, Census Tract 86, Jackson County, Missouri",96,42,3,51
1500000US290950086002,290950086002,"Block Group 2, Census Tract 86, Jackson County, Missouri",63,50,2,11
1500000US290950086003,290950086003,"Block Group 3, Census Tract 86, Jackson County, Missouri",16,10,2,4
1500000US290950086004,290950086004,"Block Group 4, Census Tract 86, Jackson County, Missouri",18,18,0,0
1500000US290950086005,290950086005,"Block Group 5, Census Tract 86, Jackson County, Missouri",20,10,2,8
1500000US290950087001,290950087001,"Block Group 1, Census Tract 87, Jackson County, Missouri",1180,393,167,620
1500000US290950087002,290950087002,"Block Group 2, Census Tract 87, Jackson County, Missouri",982,335,143,504
1500000US290950088001,290950088001,"Block Group 1, Census Tract 88, Jackson County, Missouri",601,246,128,227
1500000US290950088002,290950088002,"Block Group 2, Census Tract 88, Jackson County, Missouri",566,214,50,302
1500000US290950088003,290950088003,"Block Group 3, Census Tract 88, Jackson County, Missouri",490,114,52,324
1500000US290950088004,290950088004,"Block Group 4, Census Tract 88, Jackson County, Missouri",654,231,112,311
1500000US290950088005,290950088005,"Block Group 5, Census Tract 88, Jackson County, Missouri",928,275,158,495
1500000US290950089001,290950089001,"Block Group 1, Census Tract 89, Jackson County, Missouri",587,334,112,141
1500000US290950089002,290950089002,"Block Group 2, Census Tract 89, Jackson County, Missouri",1310,347,166,797
1500000US290950090001,290950090001,"Block Group 1, Census Tract 90, Jackson County, Missouri",548,204,85,259
1500000US290950090002,290950090002,"Block Group 2, Census Tract 90, Jackson County, Missouri",563,209,65,289
1500000US290950090003,290950090003,"Block Group 3, Census Tract 90, Jackson County, Missouri",1202,647,123,432
1500000US290950090004,290950090004,"Block Group 4, Census Tract 90, Jackson County, Missouri",921,512,97,312
1500000US290950090005,290950090005,"Block Group 5, Census Tract 90, Jackson County, Missouri",632,289,94,249
1500000US290950091001,290950091001,"Block Group 1, Census Tract 91, Jackson County, Missouri",362,271,44,47
1500000US290950091002,290950091002,"Block Group 2, Census Tract 91, Jackson County, Missouri",42,29,6,7
1500000US290950091003,290950091003,"Block Group 3, Census Tract 91, Jackson County, Missouri",57,19,4,34
1500000US290950091004,290950091004,"Block Group 4, Census Tract 91, Jackson County, Missouri",71,24,3,44
1500000US290950092001,290950092001,"Block Group 1, Census Tract 92, Jackson County, Missouri",18,13,2,3
1500000US290950092002,290950092002,"Block Group 2, Census Tract 92, Jackson County, Missouri",21,8,0,13
1500000US290950092003,290950092003,"Block Group 3, Census Tract 92, Jackson County, Missouri",49,5,2,42
1500000US290950093001,290950093001,"Block Group 1, Census Tract 93, Jackson County, Missouri",23,3,1,19
1500000US290950093002,290950093002,"Block Group 2, Census Tract 93, Jackson County, Missouri",15,10,0,5
1500000US290950093003,290950093003,"Block Group 3, Census Tract 93, Jackson County, Missouri",33,22,0,11
1500000US290950094001,290950094001,"Block Group 1, Census Tract 94, Jackson County, Missouri",352,106,22,224
1500000US290950094002,290950094002,"Block Group 2, Census Tract 94, Jackson County, Missouri",694,92,17,585
1500000US290950094003,290950094003,"Block Group 3, Census Tract 94, Jackson County, Missouri",92,24,3,65
1500000US290950094004,290950094004,"Block Group 4, Census Tract 94, Jackson County, Missouri",170,108,19,43
1500000US290950095001,290950095001,"Block Group 1, Census Tract 95, Jackson County, Missouri",520,154,29,337
1500000US290950095002,290950095002,"Block Group 2, Census Tract 95, Jackson County, Missouri",352,102,15,235
1500000US290950095003,290950095003,"Block Group 3, Census Tract 95, Jackson County, Missouri",717,289,64,364
1500000US290950095004,290950095004,"Block Group 4, Census Tract 95, Jackson County, Missouri",486,30,1,455
1500000US290950096001,290950096001,"Block Group 1, Census Tract 96, Jackson County, Missouri",716,52,13,651
1500000US290950096002,290950096002,"Block Group 2, Census Tract 96, Jackson County, Missouri",434,135,18,281
1500000US290950097001,290950097001,"Block Group 1, Census Tract 97, Jackson County, Missouri",507,27,8,472
1500000US290950097002,290950097002,"Block Group 2, Census Tract 97, Jackson County, Missouri",437,17,2,418
1500000US290950098001,290950098001,"Block Group 1, Census Tract 98, Jackson County, Missouri",423,4,0,419
1500000US290950098002,290950098002,"Block Group 2, Census Tract 98, Jackson County, Missouri",53,26,2,25
1500000US290950098003,290950098003,"Block Group 3, Census Tract 98, Jackson County, Missouri",128,81,1,46
1500000US290950098004,290950098004,"Block Group 4, Census Tract 98, Jackson County, Missouri",172,38,1,133
1500000US290950099001,290950099001,"Block Group 1, Census Tract 99, Jackson County, Missouri",192,40,10,142
1500000US290950099002,290950099002,"Block Group 2, Census Tract 99, Jackson County, Missouri",44,26,4,14
1500000US290950100011,290950100011,"Block Group 1, Census Tract 100.01, Jackson County, Missouri",65,28,10,27
1500000US290950100012,290950100012,"Block Group 2, Census Tract 100.01, Jackson County, Missouri",145,18,7,120
1500000US290950100021,290950100021,"Block Group 1, Census Tract 100.02, Jackson County, Missouri",368,44,9,315
1500000US290950100022,290950100022,"Block Group 2, Census Tract 100.02, Jackson County, Missouri",507,42,6,459
1500000US290950100023,290950100023,"Block Group 3, Census Tract 100.02, Jackson County, Missouri",488,1,7,480
1500000US290950101031,290950101031,"Block Group 1, Census Tract 101.03, Jackson County, Missouri",161,58,4,99
1500000US290950101032,290950101032,"Block Group 2, Census Tract 101.03, Jackson County, Missouri",278,91,0,187
1500000US290950101033,290950101033,"Block Group 3, Census Tract 101.03, Jackson County, Missouri",472,305,20,147
1500000US290950101051,290950101051,"Block Group 1, Census Tract 101.05, Jackson County, Missouri",226,20,2,204
1500000US290950101052,290950101052,"Block Group 2, Census Tract 101.05, Jackson County, Missouri",28,22,0,6
1500000US290950101053,290950101053,"Block Group 3, Census Tract 101.05, Jackson County, Missouri",64,59,5,0
1500000US290950102011,290950102011,"Block Group 1, Census Tract 102.01, Jackson County, Missouri",963,109,1,853
1500000US290950102031,290950102031,"Block Group 1, Census Tract 102.03, Jackson County, Missouri",359,264,26,69
1500000US290950102032,290950102032,"Block Group 2, Census Tract 102.03, Jackson County, Missouri",421,285,36,100
1500000US290950102033,290950102033,"Block Group 3, Census Tract 102.03, Jackson County, Missouri",327,233,32,62
1500000US290950102041,290950102041,"Block Group 1, Census Tract 102.04, Jackson County, Missouri",553,89,14,450
1500000US290950102042,290950102042,"Block Group 2, Census Tract 102.04, Jackson County, Missouri",192,108,6,78
1500000US290950102043,290950102043,"Block Group 3, Census Tract 102.04, Jackson County, Missouri",461,13,4,444
1500000US290950105001,290950105001,"Block Group 1, Census Tract 105, Jackson County, Missouri",275,162,25,88
1500000US290950105002,290950105002,"Block Group 2, Census Tract 105, Jackson County, Missouri",293,164,5,124
1500000US290950105003,290950105003,"Block Group 3, Census Tract 105, Jackson County, Missouri",478,180,24,274
1500000US290950105004,290950105004,"Block Group 4, Census Tract 105, Jackson County, Missouri",405,202,24,179
1500000US290950105005,290950105005,"Block Group 5, Census Tract 105, Jackson County, Missouri",655,291,76,288
1500000US290950106001,290950106001,"Block Group 1, Census Tract 106, Jackson County, Missouri",131,106,4,21
1500000US290950106002,290950106002,"Block Group 2, Census Tract 106, Jackson County, Missouri",282,166,19,97
1500000US290950106003,290950106003,"Block Group 3, Census Tract 106, Jackson County, Missouri",115,95,4,16
1500000US290950106004,290950106004,"Block Group 4, Census Tract 106, Jackson County, Missouri",140,60,9,71
1500000US290950107021,290950107021,"Block Group 1, Census Tract 107.02, Jackson County, Missouri",88,67,5,16
1500000US290950107022,290950107022,"Block Group 2, Census Tract 107.02, Jackson County, Missouri",1671,177,9,1485
1500000US290950110001,290950110001,"Block Group 1, Census Tract 110, Jackson County, Missouri",25,9,0,16
1500000US290950110002,290950110002,"Block Group 2, Census Tract 110, Jackson County, Missouri",7,1,0,6
1500000US290950110003,290950110003,"Block Group 3, Census Tract 110, Jackson County, Missouri",30,10,1,19
1500000US290950110004,290950110004,"Block Group 4, Census Tract 110, Jackson County, Missouri",38,2,0,36
1500000US290950110005,290950110005,"Block Group 5, Census Tract 110, Jackson County, Missouri",44,12,0,32
1500000US290950111001,290950111001,"Block Group 1, Census Tract 111, Jackson County, Missouri",23,12,0,11
1500000US290950111002,290950111002,"Block Group 2, Census Tract 111, Jackson County, Missouri",11,2,0,9
1500000US290950111003,290950111003,"Block Group 3, Census Tract 111, Jackson County, Missouri",43,22,7,14
1500000US290950112001,290950112001,"Block Group 1, Census Tract 112, Jackson County, Missouri",23,7,0,16
1500000US290950112002,290950112002,"Block Group 2, Census Tract 112, Jackson County, Missouri",27,19,4,4
1500000US290950112003,290950112003,"Block Group 3, Census Tract 112, Jackson County, Missouri",56,6,3,47
1500000US290950113001,290950113001,"Block Group 1, Census Tract 113, Jackson County, Missouri",152,20,0,132
1500000US290950113002,290950113002,"Block Group 2, Census Tract 113, Jackson County, Missouri",120,42,8,70
1500000US290950114011,290950114011,"Block Group 1, Census Tract 114.01, Jackson County, Missouri",28,15,2,11
1500000US290950114012,290950114012,"Block Group 2, Census Tract 114.01, Jackson County, Missouri",53,6,0,47
1500000US290950114013,290950114013,"Block Group 3, Census Tract 114.01, Jackson County, Missouri",340,83,7,250
1500000US290950114014,290950114014,"Block Group 4, Census Tract 114.01, Jackson County, Missouri",78,63,0,15
1500000US290950114051,290950114051,"Block Group 1, Census Tract 114.05, Jackson County, Missouri",438,29,0,409
1500000US290950114052,290950114052,"Block Group 2, Census Tract 114.05, Jackson County, Missouri",32,3,0,29
1500000US290950114061,290950114061,"Block Group 1, Census Tract 114.06, Jackson County, Missouri",36,14,0,22
1500000US290950114062,290950114062,"Block Group 2, Census Tract 114.06, Jackson County, Missouri",143,58,12,73
1500000US290950114063,290950114063,"Block Group 3, Census Tract 114.06, Jackson County, Missouri",39,29,0,10
1500000US290950115001,290950115001,"Block Group 1, Census Tract 115, Jackson County, Missouri",35,2,7,26
1500000US290950115002,290950115002,"Block Group 2, Census Tract 115, Jackson County, Missouri",126,12,10,104
1500000US290950115003,290950115003,"Block Group 3, Census Tract 115, Jackson County, Missouri",46,14,0,32
1500000US290950115004,290950115004,"Block Group 4, Census Tract 115, Jackson County, Missouri",40,4,4,32
1500000US290950115005,290950115005,"Block Group 5, Census Tract 115, Jackson County, Missouri",45,2,0,43
1500000US290950115006,290950115006,"Block Group 6, Census Tract 115, Jackson County, Missouri",84,2,0,82
1500000US290950116001,290950116001,"Block Group 1, Census Tract 116, Jackson County, Missouri",60,17,5,38
1500000US290950116002,290950116002,"Block Group 2, Census Tract 116, Jackson County, Missouri",31,5,0,26
1500000US290950116003,290950116003,"Block Group 3, Census Tract 116, Jackson County, Missouri",62,0,0,62
1500000US290950116004,290950116004,"Block Group 4, Census Tract 116, Jackson County, Missouri",30,20,1,9
1500000US290950116005,290950116005,"Block Group 5, Census Tract 116, Jackson County, Missouri",9,9,0,0
1500000US290950116006,290950116006,"Block Group 6, Census Tract 116, Jackson County, Missouri",20,0,3,17
1500000US290950117001,290950117001,"Block Group 1, Census Tract 117, Jackson County, Missouri",50,13,0,37
1500000US290950117002,290950117002,"Block Group 2, Census Tract 117, Jackson County, Missouri",26,0,0,26
1500000US290950117003,290950117003,"Block Group 3, Census Tract 117, Jackson County, Missouri",25,9,0,16
1500000US290950117004,290950117004,"Block Group 4, Census Tract 117, Jackson County, Missouri",47,13,0,34
1500000US290950117005,290950117005,"Block Group 5, Census Tract 117, Jackson County, Missouri",81,8,0,73
1500000US290950118001,290950118001,"Block Group 1, Census Tract 118, Jackson County, Missouri",79,8,1,70
1500000US290950118002,290950118002,"Block Group 2, Census Tract 118, Jackson County, Missouri",146,16,4,126
1500000US290950118003,290950118003,"Block Group 3, Census Tract 118, Jackson County, Missouri",72,12,0,60
1500000US290950119001,290950119001,"Block Group 1, Census Tract 119, Jackson County, Missouri",32,6,0,26
1500000US290950119002,290950119002,"Block Group 2, Census Tract 119, Jackson County, Missouri",29,14,0,15
1500000US290950119003,290950119003,"Block Group 3, Census Tract 119, Jackson County, Missouri",63,24,4,35
1500000US290950119004,290950119004,"Block Group 4, Census Tract 119, Jackson County, Missouri",57,30,1,26
1500000US290950120001,290950120001,"Block Group 1, Census Tract 120, Jackson County, Missouri",122,53,1,68
1500000US290950120002,290950120002,"Block Group 2, Census Tract 120, Jackson County, Missouri",78,9,2,67
1500000US290950120003,290950120003,"Block Group 3, Census Tract 120, Jackson County, Missouri",106,58,0,48
1500000US290950121001,290950121001,"Block Group 1, Census Tract 121, Jackson County, Missouri",87,60,1,26
1500000US290950121002,290950121002,"Block Group 2, Census Tract 121, Jackson County, Missouri",72,50,1,21
1500000US290950121003,290950121003,"Block Group 3, Census Tract 121, Jackson County, Missouri",121,8,0,113
1500000US290950122001,290950122001,"Block Group 1, Census Tract 122, Jackson County, Missouri",41,15,0,26
1500000US290950122002,290950122002,"Block Group 2, Census Tract 122, Jackson County, Missouri",53,14,8,31
1500000US290950122003,290950122003,"Block Group 3, Census Tract 122, Jackson County, Missouri",86,49,0,37
1500000US290950122004,290950122004,"Block Group 4, Census Tract 122, Jackson County, Missouri",80,33,0,47
1500000US290950123001,290950123001,"Block Group 1, Census Tract 123, Jackson County, Missouri",36,20,0,16
1500000US290950123002,290950123002,"Block Group 2, Census Tract 123, Jackson County, Missouri",28,8,5,15
1500000US290950124001,290950124001,"Block Group 1, Census Tract 124, Jackson County, Missouri",144,51,0,93
1500000US290950124002,290950124002,"Block Group 2, Census Tract 124, Jackson County, Missouri",86,59,0,27
1500000US290950124003,290950124003,"Block Group 3, Census Tract 124, Jackson County, Missouri",66,35,2,29
1500000US290950124004,290950124004,"Block Group 4, Census Tract 124, Jackson County, Missouri",39,15,4,20
1500000US290950125011,290950125011,"Block Group 1, Census Tract 125.01, Jackson County, Missouri",675,245,15,415
1500000US290950125012,290950125012,"Block Group 2, Census Tract 125.01, Jackson County, Missouri",201,105,0,96
1500000US290950125021,290950125021,"Block Group 1, Census Tract 125.02, Jackson County, Missouri",43,22,2,19
1500000US290950125022,290950125022,"Block Group 2, Census Tract 125.02, Jackson County, Missouri",139,101,1,37
1500000US290950125023,290950125023,"Block Group 3, Census Tract 125.02, Jackson County, Missouri",286,146,1,139
1500000US290950126001,290950126001,"Block Group 1, Census Tract 126, Jackson County, Missouri",314,160,14,140
1500000US290950126002,290950126002,"Block Group 2, Census Tract 126, Jackson County, Missouri",274,82,3,189
1500000US290950126003,290950126003,"Block Group 3, Census Tract 126, Jackson County, Missouri",151,72,0,79
1500000US290950126004,290950126004,"Block Group 4, Census Tract 126, Jackson County, Missouri",193,35,2,156
1500000US290950127011,290950127011,"Block Group 1, Census Tract 127.01, Jackson County, Missouri",267,159,13,95
1500000US290950127012,290950127012,"Block Group 2, Census Tract 127.01, Jackson County, Missouri",611,303,19,289
1500000US290950127013,290950127013,"Block Group 3, Census Tract 127.01, Jackson County, Missouri",415,324,19,72
1500000US290950127014,290950127014,"Block Group 4, Census Tract 127.01, Jackson County, Missouri",169,118,8,43
1500000US290950128021,290950128021,"Block Group 1, Census Tract 128.02, Jackson County, Missouri",449,182,5,262
1500000US290950128022,290950128022,"Block Group 2, Census Tract 128.02, Jackson County, Missouri",601,351,16,234
1500000US290950128031,290950128031,"Block Group 1, Census Tract 128.03, Jackson County, Missouri",167,102,2,63
1500000US290950128032,290950128032,"Block Group 2, Census Tract 128.03, Jackson County, Missouri",241,82,12,147
1500000US290950128041,290950128041,"Block Group 1, Census Tract 128.04, Jackson County, Missouri",777,224,10,543
1500000US290950128042,290950128042,"Block Group 2, Census Tract 128.04, Jackson County, Missouri",608,406,15,187
1500000US290950128043,290950128043,"Block Group 3, Census Tract 128.04, Jackson County, Missouri",364,231,3,130
1500000US290950128044,290950128044,"Block Group 4, Census Tract 128.04, Jackson County, Missouri",300,180,11,109
1500000US290950129031,290950129031,"Block Group 1, Census Tract 129.03, Jackson County, Missouri",487,289,15,183
1500000US290950129032,290950129032,"Block Group 2, Census Tract 129.03, Jackson County, Missouri",352,196,16,140
1500000US290950129033,290950129033,"Block Group 3, Census Tract 129.03, Jackson County, Missouri",842,538,34,270
1500000US290950129034,290950129034,"Block Group 4, Census Tract 129.03, Jackson County, Missouri",439,318,17,104
1500000US290950129041,290950129041,"Block Group 1, Census Tract 129.04, Jackson County, Missouri",484,383,8,93
1500000US290950129042,290950129042,"Block Group 2, Census Tract 129.04, Jackson County, Missouri",328,272,11,45
1500000US290950129043,290950129043,"Block Group 3, Census Tract 129.04, Jackson County, Missouri",484,340,33,111
1500000US290950129061,290950129061,"Block Group 1, Census Tract 129.06, Jackson County, Missouri",566,321,14,231
1500000US290950129062,290950129062,"Block Group 2, Census Tract 129.06, Jackson County, Missouri",458,338,36,84
1500000US290950129063,290950129063,"Block Group 3, Census Tract 129.06, Jackson County, Missouri",355,224,20,111
1500000US290950129064,290950129064,"Block Group 4, Census Tract 129.06, Jackson County, Missouri",422,274,23,125
1500000US290950129065,290950129065,"Block Group 5, Census Tract 129.06, Jackson County, Missouri",841,453,38,350
1500000US290950130031,290950130031,"Block Group 1, Census Tract 130.03, Jackson County, Missouri",682,420,25,237
1500000US290950130032,290950130032,"Block Group 2, Census Tract 130.03, Jackson County, Missouri",931,602,29,300
1500000US290950130033,290950130033,"Block Group 3, Census Tract 130.03, Jackson County, Missouri",1337,390,20,927
1500000US290950130034,290950130034,"Block Group 4, Census Tract 130.03, Jackson County, Missouri",304,200,5,99
1500000US290950131001,290950131001,"Block Group 1, Census Tract 131, Jackson County, Missouri",642,87,5,550
1500000US290950131002,290950131002,"Block Group 2, Census Tract 131, Jackson County, Missouri",167,94,14,59
1500000US290950131003,290950131003,"Block Group 3, Census Tract 131, Jackson County, Missouri",791,548,66,177
1500000US290950132031,290950132031,"Block Group 1, Census Tract 132.03, Jackson County, Missouri",539,175,3,361
1500000US290950132032,290950132032,"Block Group 2, Census Tract 132.03, Jackson County, Missouri",664,157,15,492
1500000US290950132033,290950132033,"Block Group 3, Census Tract 132.03, Jackson County, Missouri",602,141,4,457
1500000US290950132034,290950132034,"Block Group 4, Census Tract 132.03, Jackson County, Missouri",622,138,9,475
1500000US290950132081,290950132081,"Block Group 1, Census Tract 132.08, Jackson County, Missouri",1178,567,97,514
1500000US290950132082,290950132082,"Block Group 2, Census Tract 132.08, Jackson County, Missouri",1029,339,16,674
1500000US290950132101,290950132101,"Block Group 1, Census Tract 132.10, Jackson County, Missouri",839,303,17,519
1500000US290950132102,290950132102,"Block Group 2, Census Tract 132.10, Jackson County, Missouri",528,150,21,357
1500000US290950132103,290950132103,"Block Group 3, Census Tract 132.10, Jackson County, Missouri",505,245,29,231
1500000US290950133011,290950133011,"Block Group 1, Census Tract 133.01, Jackson County, Missouri",163,32,1,130
1500000US290950133012,290950133012,"Block Group 2, Census Tract 133.01, Jackson County, Missouri",382,9,4,369
1500000US290950133013,290950133013,"Block Group 3, Census Tract 133.01, Jackson County, Missouri",111,71,6,34
1500000US290950133071,290950133071,"Block Group 1, Census Tract 133.07, Jackson County, Missouri",692,483,67,142
1500000US290950133072,290950133072,"Block Group 2, Census Tract 133.07, Jackson County, Missouri",1147,495,48,604
1500000US290950133091,290950133091,"Block Group 1, Census Tract 133.09, Jackson County, Missouri",698,512,43,143
1500000US290950133092,290950133092,"Block Group 2, Census Tract 133.09, Jackson County, Missouri",656,520,60,76
1500000US290950133093,290950133093,"Block Group 3, Census Tract 133.09, Jackson County, Missouri",1565,362,57,1146
1500000US290950133131,290950133131,"Block Group 1, Census Tract 133.13, Jackson County, Missouri",462,325,31,106
1500000US290950133132,290950133132,"Block Group 2, Census Tract 133.13, Jackson County, Missouri",689,494,40,155
1500000US290950133133,290950133133,"Block Group 3, Census Tract 133.13, Jackson County, Missouri",569,356,6,207
1500000US290950134011,290950134011,"Block Group 1, Census Tract 134.01, Jackson County, Missouri",461,283,27,151
1500000US290950134012,290950134012,"Block Group 2, Census Tract 134.01, Jackson County, Missouri",203,16,7,180
1500000US290950134013,290950134013,"Block Group 3, Census Tract 134.01, Jackson County, Missouri",97,3,0,94
1500000US290950134051,290950134051,"Block Group 1, Census Tract 134.05, Jackson County, Missouri",97,24,0,73
1500000US290950134052,290950134052,"Block Group 2, Census Tract 134.05, Jackson County, Missouri",98,31,5,62
1500000US290950134053,290950134053,"Block Group 3, Census Tract 134.05, Jackson County, Missouri",451,0,0,451
1500000US290950134071,290950134071,"Block Group 1, Census Tract 134.07, Jackson County, Missouri",45,37,7,1
1500000US290950134072,290950134072,"Block Group 2, Census Tract 134.07, Jackson County, Missouri",70,42,9,19
1500000US290950134081,290950134081,"Block Group 1, Census Tract 134.08, Jackson County, Missouri",249,18,0,231
1500000US290950134082,290950134082,"Block Group 2, Census Tract 134.08, Jackson County, Missouri",340,70,6,264
1500000US290950134083,290950134083,"Block Group 3, Census Tract 134.08, Jackson County, Missouri",98,59,14,25
1500000US290950134084,290950134084,"Block Group 4, Census Tract 134.08, Jackson County, Missouri",87,77,0,10
1500000US290950134085,290950134085,"Block Group 5, Census Tract 134.08, Jackson County, Missouri",146,87,9,50
1500000US290950134101,290950134101,"Block Group 1, Census Tract 134.10, Jackson County, Missouri",823,159,8,656
1500000US290950134161,290950134161,"Block Group 1, Census Tract 134.16, Jackson County, Missouri",1328,934,33,361
1500000US290950135021,290950135021,"Block Group 1, Census Tract 135.02, Jackson County, Missouri",97,84,3,10
1500000US290950135022,290950135022,"Block Group 2, Census Tract 135.02, Jackson County, Missouri",168,148,2,18
1500000US290950135041,290950135041,"Block Group 1, Census Tract 135.04, Jackson County, Missouri",125,106,0,19
1500000US290950135042,290950135042,"Block Group 2, Census Tract 135.04, Jackson County, Missouri",169,92,0,77
1500000US290950136061,290950136061,"Block Group 1, Census Tract 136.06, Jackson County, Missouri",51,41,3,7
1500000US290950136081,290950136081,"Block Group 1, Census Tract 136.08, Jackson County, Missouri",23,9,0,14
1500000US290950136082,290950136082,"Block Group 2, Census Tract 136.08, Jackson County, Missouri",28,0,0,28
1500000US290950136083,290950136083,"Block Group 3, Census Tract 136.08, Jackson County, Missouri",119,102,3,14
1500000US290950136084,290950136084,"Block Group 4, Census Tract 136.08, Jackson County, Missouri",168,109,2,57
1500000US290950136121,290950136121,"Block Group 1, Census Tract 136.12, Jackson County, Missouri",315,299,12,4
1500000US290950136122,290950136122,"Block Group 2, Census Tract 136.12, Jackson County, Missouri",381,328,13,40
1500000US290950137031,290950137031,"Block Group 1, Census Tract 137.03, Jackson County, Missouri",123,12,3,108
1500000US290950137032,290950137032,"Block Group 2, Census Tract 137.03, Jackson County, Missouri",287,18,0,269
1500000US290950137033,290950137033,"Block Group 3, Census Tract 137.03, Jackson County, Missouri",45,0,0,45
1500000US290950137041,290950137041,"Block Group 1, Census Tract 137.04, Jackson County, Missouri",83,51,2,30
1500000US290950137042,290950137042,"Block Group 2, Census Tract 137.04, Jackson County, Missouri",31,14,0,17
1500000US290950137043,290950137043,"Block Group 3, Census Tract 137.04, Jackson County, Missouri",184,119,6,59
1500000US290950138011,290950138011,"Block Group 1, Census Tract 138.01, Jackson County, Missouri",278,84,0,194
1500000US290950138012,290950138012,"Block Group 2, Census Tract 138.01, Jackson County, Missouri",131,49,6,76
1500000US290950138021,290950138021,"Block Group 1, Census Tract 138.02, Jackson County, Missouri",107,43,2,62
1500000US290950138022,290950138022,"Block Group 2, Census Tract 138.02, Jackson County, Missouri",106,70,0,36
1500000US290950138023,290950138023,"Block Group 3, Census Tract 138.02, Jackson County, Missouri",152,97,0,55
1500000US290950138024,290950138024,"Block Group 4, Census Tract 138.02, Jackson County, Missouri",140,131,0,9
1500000US290950138025,290950138025,"Block Group 5, Census Tract 138.02, Jackson County, Missouri",153,135,1,17
1500000US290950139011,290950139011,"Block Group 1, Census Tract 139.01, Jackson County, Missouri",21,15,2,4
1500000US290950139012,290950139012,"Block Group 2, Census Tract 139.01, Jackson County, Missouri",22,17,5,0
1500000US290950139013,290950139013,"Block Group 3, Census Tract 139.01, Jackson County, Missouri",22,20,2,0
1500000US290950139021,290950139021,"Block Group 1, Census Tract 139.02, Jackson County, Missouri",21,21,0,0
1500000US290950139041,290950139041,"Block Group 1, Census Tract 139.04, Jackson County, Missouri",106,86,4,16
1500000US290950139042,290950139042,"Block Group 2, Census Tract 139.04, Jackson County, Missouri",208,188,0,20
1500000US290950139043,290950139043,"Block Group 3, Census Tract 139.04, Jackson County, Missouri",190,175,4,11
1500000US290950139161,290950139161,"Block Group 1, Census Tract 139.16, Jackson County, Missouri",15,15,0,0
1500000US290950139162,290950139162,"Block Group 2, Census Tract 139.16, Jackson County, Missouri",364,155,0,209
1500000US290950139163,290950139163,"Block Group 3, Census Tract 139.16, Jackson County, Missouri",37,37,0,0
1500000US290950140021,290950140021,"Block Group 1, Census Tract 140.02, Jackson County, Missouri",0,0,0,0
1500000US290950140022,290950140022,"Block Group 2, Census Tract 140.02, Jackson County, Missouri",0,0,0,0
1500000US290950140041,290950140041,"Block Group 1, Census Tract 140.04, Jackson County, Missouri",46,2,0,44
1500000US290950140042,290950140042,"Block Group 2, Census Tract 140.04, Jackson County, Missouri",5,5,0,0
1500000US290950140051,290950140051,"Block Group 1, Census Tract 140.05, Jackson County, Missouri",10,4,0,6
1500000US290950140052,290950140052,"Block Group 2, Census Tract 140.05, Jackson County, Missouri",12,3,1,8
1500000US290950140061,290950140061,"Block Group 1, Census Tract 140.06, Jackson County, Missouri",89,53,0,36
1500000US290950140071,290950140071,"Block Group 1, Census Tract 140.07, Jackson County, Missouri",164,53,1,110
1500000US290950140072,290950140072,"Block Group 2, Census Tract 140.07, Jackson County, Missouri",12,2,0,10
1500000US290950141011,290950141011,"Block Group 1, Census Tract 141.01, Jackson County, Missouri",188,37,0,151
1500000US290950141012,290950141012,"Block Group 2, Census Tract 141.01, Jackson County, Missouri",64,16,0,48
1500000US290950141013,290950141013,"Block Group 3, Census Tract 141.01, Jackson County, Missouri",315,52,1,262
1500000US290950141014,290950141014,"Block Group 4, Census Tract 141.01, Jackson County, Missouri",36,8,0,28
1500000US290950141051,290950141051,"Block Group 1, Census Tract 141.05, Jackson County, Missouri",36,12,0,24
1500000US290950141052,290950141052,"Block Group 2, Census Tract 141.05, Jackson County, Missouri",67,42,4,21
1500000US290950141053,290950141053,"Block Group 3, Census Tract 141.05, Jackson County, Missouri",54,20,0,34
1500000US290950141054,290950141054,"Block Group 4, Census Tract 141.05, Jackson County, Missouri",81,49,3,29
1500000US290950141055,290950141055,"Block Group 5, Census Tract 141.05, Jackson County, Missouri",153,63,2,88
1500000US290950141081,290950141081,"Block Group 1, Census Tract 141.08, Jackson County, Missouri",281,73,14,194
1500000US290950141082,290950141082,"Block Group 2, Census Tract 141.08, Jackson County, Missouri",143,38,2,103
1500000US290950141083,290950141083,"Block Group 3, Census Tract 141.08, Jackson County, Missouri",57,48,0,9
1500000US290950141111,290950141111,"Block Group 1, Census Tract 141.11, Jackson County, Missouri",156,69,0,87
1500000US290950141121,290950141121,"Block Group 1, Census Tract 141.12, Jackson County, Missouri",29,12,3,14
1500000US290950141141,290950141141,"Block Group 1, Census Tract 141.14, Jackson County, Missouri",75,75,0,0
1500000US290950141142,290950141142,"Block Group 2, Census Tract 141.14, Jackson County, Missouri",65,43,0,22
1500000US290950141143,290950141143,"Block Group 3, Census Tract 141.14, Jackson County, Missouri",125,43,1,81
1500000US290950141144,290950141144,"Block Group 4, Census Tract 141.14, Jackson County, Missouri",121,42,7,72
1500000US290950141201,290950141201,"Block Group 1, Census Tract 141.20, Jackson County, Missouri",133,64,0,69
1500000US290950142031,290950142031,"Block Group 1, Census Tract 142.03, Jackson County, Missouri",168,167,1,0
1500000US290950142032,290950142032,"Block Group 2, Census Tract 142.03, Jackson County, Missouri",100,86,8,6
1500000US290950142041,290950142041,"Block Group 1, Census Tract 142.04, Jackson County, Missouri",109,98,1,10
1500000US290950142042,290950142042,"Block Group 2, Census Tract 142.04, Jackson County, Missouri",99,79,0,20
1500000US290950142043,290950142043,"Block Group 3, Census Tract 142.04, Jackson County, Missouri",786,74,0,712
1500000US290950143001,290950143001,"Block Group 1, Census Tract 143, Jackson County, Missouri",364,317,7,40
1500000US290950143002,290950143002,"Block Group 2, Census Tract 143, Jackson County, Missouri",654,54,2,598
1500000US290950143003,290950143003,"Block Group 3, Census Tract 143, Jackson County, Missouri",148,133,4,11
1500000US290950144001,290950144001,"Block Group 1, Census Tract 144, Jackson County, Missouri",668,302,33,333
1500000US290950144002,290950144002,"Block Group 2, Census Tract 144, Jackson County, Missouri",168,128,4,36
1500000US290950145011,290950145011,"Block Group 1, Census Tract 145.01, Jackson County, Missouri",52,23,0,29
1500000US290950145012,290950145012,"Block Group 2, Census Tract 145.01, Jackson County, Missouri",300,68,4,228
1500000US290950145021,290950145021,"Block Group 1, Census Tract 145.02, Jackson County, Missouri",73,31,3,39
1500000US290950145022,290950145022,"Block Group 2, Census Tract 145.02, Jackson County, Missouri",102,42,2,58
1500000US290950146011,290950146011,"Block Group 1, Census Tract 146.01, Jackson County, Missouri",72,27,2,43
1500000US290950146012,290950146012,"Block Group 2, Census Tract 146.01, Jackson County, Missouri",15,15,0,0
1500000US290950146013,290950146013,"Block Group 3, Census Tract 146.01, Jackson County, Missouri",21,21,0,0
1500000US290950146014,290950146014,"Block Group 4, Census Tract 146.01, Jackson County, Missouri",12,5,0,7
1500000US290950146031,290950146031,"Block Group 1, Census Tract 146.03, Jackson County, Missouri",47,21,6,20
1500000US290950146032,290950146032,"Block Group 2, Census Tract 146.03, Jackson County, Missouri",92,67,0,25
1500000US290950146041,290950146041,"Block Group 1, Census Tract 146.04, Jackson County, Missouri",29,0,0,29
1500000US290950146042,290950146042,"Block Group 2, Census Tract 146.04, Jackson County, Missouri",228,38,0,190
1500000US290950146043,290950146043,"Block Group 3, Census Tract 146.04, Jackson County, Missouri",80,28,1,51
1500000US290950147011,290950147011,"Block Group 1, Census Tract 147.01, Jackson County, Missouri",367,49,0,318
1500000US290950147021,290950147021,"Block Group 1, Census Tract 147.02, Jackson County, Missouri",11,9,0,2
1500000US290950147022,290950147022,"Block Group 2, Census Tract 147.02, Jackson County, Missouri",35,30,5,0
1500000US290950147023,290950147023,"Block Group 3, Census Tract 147.02, Jackson County, Missouri",53,28,2,23
1500000US290950148041,290950148041,"Block Group 1, Census Tract 148.04, Jackson County, Missouri",48,44,0,4
1500000US290950148061,290950148061,"Block Group 1, Census Tract 148.06, Jackson County, Missouri",56,35,0,21
1500000US290950148062,290950148062,"Block Group 2, Census Tract 148.06, Jackson County, Missouri",124,56,2,66
1500000US290950148063,290950148063,"Block Group 3, Census Tract 148.06, Jackson County, Missouri",34,31,3,0
1500000US290950149021,290950149021,"Block Group 1, Census Tract 149.02, Jackson County, Missouri",1,0,1,0
1500000US290950149022,290950149022,"Block Group 2, Census Tract 149.02, Jackson County, Missouri",0,0,0,0
1500000US290950149031,290950149031,"Block Group 1, Census Tract 149.03, Jackson County, Missouri",5,5,0,0
1500000US290950149032,290950149032,"Block Group 2, Census Tract 149.03, Jackson County, Missouri",13,13,0,0
1500000US290950149041,290950149041,"Block Group 1, Census Tract 149.04, Jackson County, Missouri",102,41,4,57
1500000US290950149042,290950149042,"Block Group 2, Census Tract 149.04, Jackson County, Missouri",97,29,0,68
1500000US290950149043,290950149043,"Block Group 3, Census Tract 149.04, Jackson County, Missouri",130,87,3,40
1500000US290950149051,290950149051,"Block Group 1, Census Tract 149.05, Jackson County, Missouri",120,105,3,12
1500000US290950149052,290950149052,"Block Group 2, Census Tract 149.05, Jackson County, Missouri",20,14,0,6
1500000US290950150001,290950150001,"Block Group 1, Census Tract 150, Jackson County, Missouri",13,11,2,0
1500000US290950150002,290950150002,"Block Group 2, Census Tract 150, Jackson County, Missouri",3,3,0,0
1500000US290950150003,290950150003,"Block Group 3, Census Tract 150, Jackson County, Missouri",0,0,0,0
1500000US290950151001,290950151001,"Block Group 1, Census Tract 151, Jackson County, Missouri",25,4,10,11
1500000US290950151002,290950151002,"Block Group 2, Census Tract 151, Jackson County, Missouri",71,30,5,36
1500000US290950151003,290950151003,"Block Group 3, Census Tract 151, Jackson County, Missouri",39,36,0,3
1500000US290950152001,290950152001,"Block Group 1, Census Tract 152, Jackson County, Missouri",179,7,0,172
1500000US290950153001,290950153001,"Block Group 1, Census Tract 153, Jackson County, Missouri",406,9,5,392
1500000US290950153002,290950153002,"Block Group 2, Census Tract 153, Jackson County, Missouri",30,10,9,11
1500000US290950153003,290950153003,"Block Group 3, Census Tract 153, Jackson County, Missouri",41,6,0,35
1500000US290950154001,290950154001,"Block Group 1, Census Tract 154, Jackson County, Missouri",523,0,3,520
1500000US290950154002,290950154002,"Block Group 2, Census Tract 154, Jackson County, Missouri",1163,7,15,1141
1500000US290950154003,290950154003,"Block Group 3, Census Tract 154, Jackson County, Missouri",835,132,35,668
1500000US290950155001,290950155001,"Block Group 1, Census Tract 155, Jackson County, Missouri",35,15,5,15
1500000US290950155002,290950155002,"Block Group 2, Census Tract 155, Jackson County, Missouri",6,0,0,6
1500000US290950156001,290950156001,"Block Group 1, Census Tract 156, Jackson County, Missouri",14,7,4,3
1500000US290950156002,290950156002,"Block Group 2, Census Tract 156, Jackson County, Missouri",181,21,15,145
1500000US290950157001,290950157001,"Block Group 1, Census Tract 157, Jackson County, Missouri",148,7,0,141
1500000US290950157002,290950157002,"Block Group 2, Census Tract 157, Jackson County, Missouri",98,5,0,93
1500000US290950158001,290950158001,"Block Group 1, Census Tract 158, Jackson County, Missouri",54,14,0,40
1500000US290950158002,290950158002,"Block Group 2, Census Tract 158, Jackson County, Missouri",29,0,3,26
1500000US290950159001,290950159001,"Block Group 1, Census Tract 159, Jackson County, Missouri",116,36,0,80
1500000US290950160001,290950160001,"Block Group 1, Census Tract 160, Jackson County, Missouri",542,28,5,509
1500000US290950160002,290950160002,"Block Group 2, Census Tract 160, Jackson County, Missouri",664,169,135,360
1500000US290950161001,290950161001,"Block Group 1, Census Tract 161, Jackson County, Missouri",1261,140,57,1064
1500000US290950161002,290950161002,"Block Group 2, Census Tract 161, Jackson County, Missouri",503,137,38,328
1500000US290950162001,290950162001,"Block Group 1, Census Tract 162, Jackson County, Missouri",427,147,86,194
1500000US290950162002,290950162002,"Block Group 2, Census Tract 162, Jackson County, Missouri",509,156,64,289
1500000US290950163001,290950163001,"Block Group 1, Census Tract 163, Jackson County, Missouri",99,20,24,55
1500000US290950163002,290950163002,"Block Group 2, Census Tract 163, Jackson County, Missouri",946,228,32,686
1500000US290950164001,290950164001,"Block Group 1, Census Tract 164, Jackson County, Missouri",347,93,73,181
1500000US290950164002,290950164002,"Block Group 2, Census Tract 164, Jackson County, Missouri",703,112,60,531
1500000US290950165001,290950165001,"Block Group 1, Census Tract 165, Jackson County, Missouri",648,178,176,294
1500000US290950165002,290950165002,"Block Group 2, Census Tract 165, Jackson County, Missouri",621,186,171,264
1500000US290950165003,290950165003,"Block Group 3, Census Tract 165, Jackson County, Missouri",460,116,134,210
1500000US290950166001,290950166001,"Block Group 1, Census Tract 166, Jackson County, Missouri",957,162,118,677
1500000US290950166002,290950166002,"Block Group 2, Census Tract 166, Jackson County, Missouri",628,171,129,328
1500000US290950167001,290950167001,"Block Group 1, Census Tract 167, Jackson County, Missouri",172,5,1,166
1500000US290950167002,290950167002,"Block Group 2, Census Tract 167, Jackson County, Missouri",303,11,1,291
1500000US290950167003,290950167003,"Block Group 3, Census Tract 167, Jackson County, Missouri",191,21,0,170
1500000US290950168001,290950168001,"Block Group 1, Census Tract 168, Jackson County, Missouri",11,2,0,9
1500000US290950168002,290950168002,"Block Group 2, Census Tract 168, Jackson County, Missouri",9,1,4,4
1500000US290950168003,290950168003,"Block Group 3, Census Tract 168, Jackson County, Missouri",75,1,1,73
1500000US290950168004,290950168004,"Block Group 4, Census Tract 168, Jackson County, Missouri",203,5,2,196
1500000US290950169001,290950169001,"Block Group 1, Census Tract 169, Jackson County, Missouri",635,145,104,386
1500000US290950169002,290950169002,"Block Group 2, Census Tract 169, Jackson County, Missouri",654,169,84,401
1500000US290950169003,290950169003,"Block Group 3, Census Tract 169, Jackson County, Missouri",779,194,201,384
1500000US290950170001,290950170001,"Block Group 1, Census Tract 170, Jackson County, Missouri",121,41,7,73
1500000US290950170002,290950170002,"Block Group 2, Census Tract 170, Jackson County, Missouri",363,80,7,276
1500000US290950171001,290950171001,"Block Group 1, Census Tract 171, Jackson County, Missouri",1005,456,221,328
1500000US290950171002,290950171002,"Block Group 2, Census Tract 171, Jackson County, Missouri",614,198,142,274
1500000US290950171003,290950171003,"Block Group 3, Census Tract 171, Jackson County, Missouri",677,82,41,554
1500000US290950171004,290950171004,"Block Group 4, Census Tract 171, Jackson County, Missouri",1251,415,277,559
1500000US290950172001,290950172001,"Block Group 1, Census Tract 172, Jackson County, Missouri",1076,458,113,505
1500000US290950172002,290950172002,"Block Group 2, Census Tract 172, Jackson County, Missouri",536,204,14,318
1500000US290950172003,290950172003,"Block Group 3, Census Tract 172, Jackson County, Missouri",389,16,3,370
1500000US290950172004,290950172004,"Block Group 4, Census Tract 172, Jackson County, Missouri",547,209,38,300
1500000US290950173001,290950173001,"Block Group 1, Census Tract 173, Jackson County, Missouri",41,35,0,6
1500000US290950173002,290950173002,"Block Group 2, Census Tract 173, Jackson County, Missouri",71,57,4,10
1500000US290950173003,290950173003,"Block Group 3, Census Tract 173, Jackson County, Missouri",195,31,0,164
1500000US290950173004,290950173004,"Block Group 4, Census Tract 173, Jackson County, Missouri",102,72,9,21
1500000US290950174001,290950174001,"Block Group 1, Census Tract 174, Jackson County, Missouri",352,71,16,265
1500000US290950174002,290950174002,"Block Group 2, Census Tract 174, Jackson County, Missouri",1283,112,10,1161
1500000US290950175001,290950175001,"Block Group 1, Census Tract 175, Jackson County, Missouri",201,109,20,72
1500000US290950175002,290950175002,"Block Group 2, Census Tract 175, Jackson County, Missouri",273,182,37,54
1500000US290950175003,290950175003,"Block Group 3, Census Tract 175, Jackson County, Missouri",356,94,21,241
1500000US290950176001,290950176001,"Block Group 1, Census Tract 176, Jackson County, Missouri",796,614,18,164
1500000US290950176002,290950176002,"Block Group 2, Census Tract 176, Jackson County, Missouri",314,299,3,12
1500000US290950176003,290950176003,"Block Group 3, Census Tract 176, Jackson County, Missouri",318,176,13,129
1500000US290950176004,290950176004,"Block Group 4, Census Tract 176, Jackson County, Missouri",100,85,11,4
1500000US290950177001,290950177001,"Block Group 1, Census Tract 177, Jackson County, Missouri",3,0,0,3
1500000US290950177002,290950177002,"Block Group 2, Census Tract 177, Jackson County, Missouri",80,61,0,19
1500000US290950177003,290950177003,"Block Group 3, Census Tract 177, Jackson County, Missouri",27,16,0,11
1500000US290950178001,290950178001,"Block Group 1, Census Tract 178, Jackson County, Missouri",358,32,2,324
1500000US290950178002,290950178002,"Block Group 2, Census Tract 178, Jackson County, Missouri",164,11,0,153
1500000US290950178003,290950178003,"Block Group 3, Census Tract 178, Jackson County, Missouri",206,40,1,165
1500000US290950178004,290950178004,"Block Group 4, Census Tract 178, Jackson County, Missouri",580,9,2,569
1500000US290950179001,290950179001,"Block Group 1, Census Tract 179, Jackson County, Missouri",227,163,6,58
1500000US290950179002,290950179002,"Block Group 2, Census Tract 179, Jackson County, Missouri",197,20,0,177
1500000US290950179003,290950179003,"Block Group 3, Census Tract 179, Jackson County, Missouri",62,28,0,34
1500000US290950180001,290950180001,"Block Group 1, Census Tract 180, Jackson County, Missouri",24,10,0,14
1500000US290950180002,290950180002,"Block Group 2, Census Tract 180, Jackson County, Missouri",139,8,0,131
1500000US290950180003,290950180003,"Block Group 3, Census Tract 180, Jackson County, Missouri",32,18,0,14
1500000US290950181001,290950181001,"Block Group 1, Census Tract 181, Jackson County, Missouri",65,62,3,0
1500000US290950181002,290950181002,"Block Group 2, Census Tract 181, Jackson County, Missouri",44,22,13,9
1500000US290950181003,290950181003,"Block Group 3, Census Tract 181, Jackson County, Missouri",286,273,6,7
1500000US290950181004,290950181004,"Block Group 4, Census Tract 181, Jackson County, Missouri",236,177,2,57
1500000US290950182001,290950182001,"Block Group 1, Census Tract 182, Jackson County, Missouri",361,328,5,28
1500000US290950185001,290950185001,"Block Group 1, Census Tract 185, Jackson County, Missouri",394,262,8,124
1500000US290950186001,290950186001,"Block Group 1, Census Tract 186, Jackson County, Missouri",66,61,0,5
1500000US290950186002,290950186002,"Block Group 2, Census Tract 186, Jackson County, Missouri",67,51,0,16
1500000US290950193001,290950193001,"Block Group 1, Census Tract 193, Jackson County, Missouri",222,82,12,128
1500000US290950193002,290950193002,"Block Group 2, Census Tract 193, Jackson County, Missouri",182,130,13,39
1500000US290950193003,290950193003,"Block Group 3, Census Tract 193, Jackson County, Missouri",93,68,0,25
1500000US290959801011,290959801011,"Block Group 1, Census Tract 9801.01, Jackson County, Missouri",8,0,0,8
1500000US290959808021,290959808021,"Block Group 1, Census Tract 9808.02, Jackson County, Missouri",0,0,0,0
1500000US290959883001,290959883001,"Block Group 1, Census Tract 9883, Jackson County, Missouri",0,0,0,0
1500000US290959891001,290959891001,"Block Group 1, Census Tract 9891, Jackson County, Missouri",1,0,0,1
1500000US290959892001,290959892001,"Block Group 1, Census Tract 9892, Jackson County, Missouri",0,0,0,0
1500000US291650300011,291650300011,"Block Group 1, Census Tract 300.01, Platte County, Missouri",316,82,6,228
1500000US291650300012,291650300012,"Block Group 2, Census Tract 300.01, Platte County, Missouri",111,87,6,18
1500000US291650300013,291650300013,"Block Group 3, Census Tract 300.01, Platte County, Missouri",51,31,0,20
1500000US291650300014,291650300014,"Block Group 4, Census Tract 300.01, Platte County, Missouri",121,7,0,114
1500000US291650300015,291650300015,"Block Group 5, Census Tract 300.01, Platte County, Missouri",175,24,0,151
1500000US291650300021,291650300021,"Block Group 1, Census Tract 300.02, Platte County, Missouri",16,14,0,2
1500000US291650300022,291650300022,"Block Group 2, Census Tract 300.02, Platte County, Missouri",261,10,0,251
1500000US291650301011,291650301011,"Block Group 1, Census Tract 301.01, Platte County, Missouri",51,39,7,5
1500000US291650301012,291650301012,"Block Group 2, Census Tract 301.01, Platte County, Missouri",20,10,0,10
1500000US291650301021,291650301021,"Block Group 1, Census Tract 301.02, Platte County, Missouri",337,71,0,266
1500000US291650301031,291650301031,"Block Group 1, Census Tract 301.03, Platte County, Missouri",4,0,0,4
1500000US291650301032,291650301032,"Block Group 2, Census Tract 301.03, Platte County, Missouri",18,18,0,0
1500000US291650301033,291650301033,"Block Group 3, Census Tract 301.03, Platte County, Missouri",84,31,4,49
1500000US291650301034,291650301034,"Block Group 4, Census Tract 301.03, Platte County, Missouri",104,33,7,64
1500000US291650302011,291650302011,"Block Group 1, Census Tract 302.01, Platte County, Missouri",99,78,3,18
1500000US291650302051,291650302051,"Block Group 1, Census Tract 302.05, Platte County, Missouri",209,79,5,125
1500000US291650302052,291650302052,"Block Group 2, Census Tract 302.05, Platte County, Missouri",210,35,0,175
1500000US291650302053,291650302053,"Block Group 3, Census Tract 302.05, Platte County, Missouri",253,29,4,220
1500000US291650302071,291650302071,"Block Group 1, Census Tract 302.07, Platte County, Missouri",165,17,4,144
1500000US291650302072,291650302072,"Block Group 2, Census Tract 302.07, Platte County, Missouri",0,0,0,0
1500000US291650302073,291650302073,"Block Group 3, Census Tract 302.07, Platte County, Missouri",91,35,0,56
1500000US291650302074,291650302074,"Block Group 4, Census Tract 302.07, Platte County, Missouri",73,38,2,33
1500000US291650302081,291650302081,"Block Group 1, Census Tract 302.08, Platte County, Missouri",46,34,6,6
1500000US291650302091,291650302091,"Block Group 1, Census Tract 302.09, Platte County, Missouri",230,61,1,168
1500000US291650302092,291650302092,"Block Group 2, Census Tract 302.09, Platte County, Missouri",192,120,6,66
1500000US291650302093,291650302093,"Block Group 3, Census Tract 302.09, Platte County, Missouri",85,40,2,43
1500000US291650302094,291650302094,"Block Group 4, Census Tract 302.09, Platte County, Missouri",24,19,0,5
1500000US291650302101,291650302101,"Block Group 1, Census Tract 302.10, Platte County, Missouri",139,71,0,68
1500000US291650302111,291650302111,"Block Group 1, Census Tract 302.11, Platte County, Missouri",59,16,2,41
1500000US291650302112,291650302112,"Block Group 2, Census Tract 302.11, Platte County, Missouri",485,35,0,450
1500000US291650303051,291650303051,"Block Group 1, Census Tract 303.05, Platte County, Missouri",30,6,4,20
1500000US291650303052,291650303052,"Block Group 2, Census Tract 303.05, Platte County, Missouri",70,15,4,51
1500000US291650303053,291650303053,"Block Group 3, Census Tract 303.05, Platte County, Missouri",32,23,1,8
1500000US291650303054,291650303054,"Block Group 4, Census Tract 303.05, Platte County, Missouri",17,15,0,2
1500000US291650303055,291650303055,"Block Group 5, Census Tract 303.05, Platte County, Missouri",9,0,2,7
1500000US291650303056,291650303056,"Block Group 6, Census Tract 303.05, Platte County, Missouri",103,0,0,103
1500000US291650303057,291650303057,"Block Group 7, Census Tract 303.05, Platte County, Missouri",35,17,0,18
1500000US291650303058,291650303058,"Block Group 8, Census Tract 303.05, Platte County, Missouri",11,7,0,4
1500000US291650303061,291650303061,"Block Group 1, Census Tract 303.06, Platte County, Missouri",35,33,0,2
1500000US291650303062,291650303062,"Block Group 2, Census Tract 303.06, Platte County, Missouri",0,0,0,0
1500000US291650303063,291650303063,"Block Group 3, Census Tract 303.06, Platte County, Missouri",1,1,0,0
1500000US291650303071,291650303071,"Block Group 1, Census Tract 303.07, Platte County, Missouri",0,0,0,0
1500000US291650303081,291650303081,"Block Group 1, Census Tract 303.08, Platte County, Missouri",261,77,5,179
1500000US291650303082,291650303082,"Block Group 2, Census Tract 303.08, Platte County, Missouri",135,112,0,23
1500000US291650304011,291650304011,"Block Group 1, Census Tract 304.01, Platte County, Missouri",53,38,0,15
1500000US291650304012,291650304012,"Block Group 2, Census Tract 304.01, Platte County, Missouri",16,16,0,0
1500000US291650304013,291650304013,"Block Group 3, Census Tract 304.01, Platte County, Missouri",1,0,0,1
1500000US291650304014,291650304014,"Block Group 4, Census Tract 304.01, Platte County, Missouri",27,21,3,3
1500000US291650305001,291650305001,"Block Group 1, Census Tract 305, Platte County, Missouri",35,4,0,31
1500000US291650305002,291650305002,"Block Group 2, Census Tract 305, Platte County, Missouri",74,9,0,65
1500000US291650305003,291650305003,"Block Group 3, Census Tract 305, Platte County, Missouri",18,9,0,9
1500000US291650305004,291650305004,"Block Group 4, Census Tract 305, Platte County, Missouri",62,20,0,42
1500000US291650305005,291650305005,"Block Group 5, Census Tract 305, Platte County, Missouri",18,4,0,14
1500000US291650305006,291650305006,"Block Group 6, Census Tract 305, Platte County, Missouri",15,0,0,15
1500000US291650306001,291650306001,"Block Group 1, Census Tract 306, Platte County, Missouri",24,3,0,21
1500000US291650306002,291650306002,"Block Group 2, Census Tract 306, Platte County, Missouri",0,0,0,0
1500000US291650306003,291650306003,"Block Group 3, Census Tract 306, Platte County, Missouri",0,0,0,0
1500000US291650306004,291650306004,"Block Group 4, Census Tract 306, Platte County, Missouri",3,0,0,3
1500000US291650306005,291650306005,"Block Group 5, Census Tract 306, Platte County, Missouri",3,0,0,3
1500000US291650306006,291650306006,"Block Group 6, Census Tract 306, Platte County, Missouri",12,9,0,3
1500000US291650307001,291650307001,"Block Group 1, Census Tract 307, Platte County, Missouri",5,4,0,1
1500000US291650307002,291650307002,"Block Group 2, Census Tract 307, Platte County, Missouri",0,0,0,0
1500000US291650307003,291650307003,"Block Group 3, Census Tract 307, Platte County, Missouri",5,0,0,5
