GEO.id,GEO.id2,GEO.display-label,VD01,VD02,VD03
Id,Id2,Geography,Total population in occupied housing units:,Owner occupied,Renter occupied
1500000US290370600011,290370600011,"Block Group 1, Census Tract 600.01, Cass County, Missouri",761,681,80
1500000US290370600012,290370600012,"Block Group 2, Census Tract 600.01, Cass County, Missouri",1391,1275,116
1500000US290370600013,290370600013,"Block Group 3, Census Tract 600.01, Cass County, Missouri",1662,1163,499
1500000US290370600021,290370600021,"Block Group 1, Census Tract 600.02, Cass County, Missouri",1402,1172,230
1500000US290370600022,290370600022,"Block Group 2, Census Tract 600.02, Cass County, Missouri",3013,2677,336
1500000US290370600023,290370600023,"Block Group 3, Census Tract 600.02, Cass County, Missouri",2782,2223,559
1500000US290370600024,290370600024,"Block Group 4, Census Tract 600.02, Cass County, Missouri",813,235,578
1500000US290370601001,290370601001,"Block Group 1, Census Tract 601, Cass County, Missouri",671,6,665
1500000US290370601002,290370601002,"Block Group 2, Census Tract 601, Cass County, Missouri",1023,785,238
1500000US290370602001,290370602001,"Block Group 1, Census Tract 602, Cass County, Missouri",3136,2444,692
1500000US290370602002,290370602002,"Block Group 2, Census Tract 602, Cass County, Missouri",845,429,416
1500000US290370602003,290370602003,"Block Group 3, Census Tract 602, Cass County, Missouri",1001,884,117
1500000US290370602004,290370602004,"Block Group 4, Census Tract 602, Cass County, Missouri",1837,1500,337
1500000US290370602005,290370602005,"Block Group 5, Census Tract 602, Cass County, Missouri",1402,1244,158
1500000US290370603011,290370603011,"Block Group 1, Census Tract 603.01, Cass County, Missouri",863,622,241
1500000US290370603012,290370603012,"Block Group 2, Census Tract 603.01, Cass County, Missouri",2380,2135,245
1500000US290370603013,290370603013,"Block Group 3, Census Tract 603.01, Cass County, Missouri",1350,1303,47
1500000US290370603021,290370603021,"Block Group 1, Census Tract 603.02, Cass County, Missouri",2861,2428,433
1500000US290370603022,290370603022,"Block Group 2, Census Tract 603.02, Cass County, Missouri",1666,992,674
1500000US290370603023,290370603023,"Block Group 3, Census Tract 603.02, Cass County, Missouri",1554,1531,23
1500000US290370603031,290370603031,"Block Group 1, Census Tract 603.03, Cass County, Missouri",1968,1935,33
1500000US290370604001,290370604001,"Block Group 1, Census Tract 604, Cass County, Missouri",2438,2364,74
1500000US290370604002,290370604002,"Block Group 2, Census Tract 604, Cass County, Missouri",886,836,50
1500000US290370605001,290370605001,"Block Group 1, Census Tract 605, Cass County, Missouri",1393,1254,139
1500000US290370605002,290370605002,"Block Group 2, Census Tract 605, Cass County, Missouri",1026,905,121
1500000US290370606001,290370606001,"Block Group 1, Census Tract 606, Cass County, Missouri",3584,2810,774
1500000US290370606002,290370606002,"Block Group 2, Census Tract 606, Cass County, Missouri",927,645,282
1500000US290370606003,290370606003,"Block Group 3, Census Tract 606, Cass County, Missouri",1019,707,312
1500000US290370607001,290370607001,"Block Group 1, Census Tract 607, Cass County, Missouri",1335,946,389
1500000US290370607002,290370607002,"Block Group 2, Census Tract 607, Cass County, Missouri",884,816,68
1500000US290370607003,290370607003,"Block Group 3, Census Tract 607, Cass County, Missouri",1383,1241,142
1500000US290370608001,290370608001,"Block Group 1, Census Tract 608, Cass County, Missouri",1212,1140,72
1500000US290370608002,290370608002,"Block Group 2, Census Tract 608, Cass County, Missouri",2456,2160,296
1500000US290370608003,290370608003,"Block Group 3, Census Tract 608, Cass County, Missouri",1538,1420,118
1500000US290370609001,290370609001,"Block Group 1, Census Tract 609, Cass County, Missouri",1096,765,331
1500000US290370609002,290370609002,"Block Group 2, Census Tract 609, Cass County, Missouri",1537,1091,446
1500000US290370609003,290370609003,"Block Group 3, Census Tract 609, Cass County, Missouri",1433,1009,424
1500000US290370609004,290370609004,"Block Group 4, Census Tract 609, Cass County, Missouri",601,325,276
1500000US290370609005,290370609005,"Block Group 5, Census Tract 609, Cass County, Missouri",1109,710,399
1500000US290370609006,290370609006,"Block Group 6, Census Tract 609, Cass County, Missouri",1527,1117,410
1500000US290370610011,290370610011,"Block Group 1, Census Tract 610.01, Cass County, Missouri",2618,2404,214
1500000US290370610012,290370610012,"Block Group 2, Census Tract 610.01, Cass County, Missouri",1347,1268,79
1500000US290370610021,290370610021,"Block Group 1, Census Tract 610.02, Cass County, Missouri",2718,2173,545
1500000US290370610022,290370610022,"Block Group 2, Census Tract 610.02, Cass County, Missouri",1030,991,39
1500000US290370610023,290370610023,"Block Group 3, Census Tract 610.02, Cass County, Missouri",864,823,41
1500000US290370611001,290370611001,"Block Group 1, Census Tract 611, Cass County, Missouri",972,720,252
1500000US290370611002,290370611002,"Block Group 2, Census Tract 611, Cass County, Missouri",986,863,123
1500000US290370611003,290370611003,"Block Group 3, Census Tract 611, Cass County, Missouri",1247,1111,136
1500000US290370611004,290370611004,"Block Group 4, Census Tract 611, Cass County, Missouri",1141,1009,132
1500000US290370612001,290370612001,"Block Group 1, Census Tract 612, Cass County, Missouri",991,884,107
1500000US290370612002,290370612002,"Block Group 2, Census Tract 612, Cass County, Missouri",1204,1065,139
1500000US290370612003,290370612003,"Block Group 3, Census Tract 612, Cass County, Missouri",1102,878,224
1500000US290470200001,290470200001,"Block Group 1, Census Tract 200, Clay County, Missouri",346,20,326
1500000US290470201001,290470201001,"Block Group 1, Census Tract 201, Clay County, Missouri",2050,867,1183
1500000US290470201002,290470201002,"Block Group 2, Census Tract 201, Clay County, Missouri",1643,254,1389
1500000US290470202011,290470202011,"Block Group 1, Census Tract 202.01, Clay County, Missouri",849,576,273
1500000US290470202012,290470202012,"Block Group 2, Census Tract 202.01, Clay County, Missouri",1163,756,407
1500000US290470202013,290470202013,"Block Group 3, Census Tract 202.01, Clay County, Missouri",1073,317,756
1500000US290470202014,290470202014,"Block Group 4, Census Tract 202.01, Clay County, Missouri",1011,524,487
1500000US290470202021,290470202021,"Block Group 1, Census Tract 202.02, Clay County, Missouri",2302,2233,69
1500000US290470202022,290470202022,"Block Group 2, Census Tract 202.02, Clay County, Missouri",833,715,118
1500000US290470203001,290470203001,"Block Group 1, Census Tract 203, Clay County, Missouri",714,380,334
1500000US290470203002,290470203002,"Block Group 2, Census Tract 203, Clay County, Missouri",1154,790,364
1500000US290470203003,290470203003,"Block Group 3, Census Tract 203, Clay County, Missouri",586,504,82
1500000US290470203004,290470203004,"Block Group 4, Census Tract 203, Clay County, Missouri",872,817,55
1500000US290470203005,290470203005,"Block Group 5, Census Tract 203, Clay County, Missouri",1877,879,998
1500000US290470204001,290470204001,"Block Group 1, Census Tract 204, Clay County, Missouri",1028,876,152
1500000US290470204002,290470204002,"Block Group 2, Census Tract 204, Clay County, Missouri",1286,463,823
1500000US290470205001,290470205001,"Block Group 1, Census Tract 205, Clay County, Missouri",1482,1030,452
1500000US290470205002,290470205002,"Block Group 2, Census Tract 205, Clay County, Missouri",770,225,545
1500000US290470205003,290470205003,"Block Group 3, Census Tract 205, Clay County, Missouri",1140,761,379
1500000US290470205004,290470205004,"Block Group 4, Census Tract 205, Clay County, Missouri",569,200,369
1500000US290470205005,290470205005,"Block Group 5, Census Tract 205, Clay County, Missouri",815,679,136
1500000US290470205006,290470205006,"Block Group 6, Census Tract 205, Clay County, Missouri",598,464,134
1500000US290470206021,290470206021,"Block Group 1, Census Tract 206.02, Clay County, Missouri",669,529,140
1500000US290470206022,290470206022,"Block Group 2, Census Tract 206.02, Clay County, Missouri",576,423,153
1500000US290470206023,290470206023,"Block Group 3, Census Tract 206.02, Clay County, Missouri",832,302,530
1500000US290470206024,290470206024,"Block Group 4, Census Tract 206.02, Clay County, Missouri",511,81,430
1500000US290470206025,290470206025,"Block Group 5, Census Tract 206.02, Clay County, Missouri",551,0,551
1500000US290470206031,290470206031,"Block Group 1, Census Tract 206.03, Clay County, Missouri",578,381,197
1500000US290470206032,290470206032,"Block Group 2, Census Tract 206.03, Clay County, Missouri",1075,716,359
1500000US290470206033,290470206033,"Block Group 3, Census Tract 206.03, Clay County, Missouri",1453,1114,339
1500000US290470206041,290470206041,"Block Group 1, Census Tract 206.04, Clay County, Missouri",718,574,144
1500000US290470206042,290470206042,"Block Group 2, Census Tract 206.04, Clay County, Missouri",822,600,222
1500000US290470206043,290470206043,"Block Group 3, Census Tract 206.04, Clay County, Missouri",619,577,42
1500000US290470206044,290470206044,"Block Group 4, Census Tract 206.04, Clay County, Missouri",1063,710,353
1500000US290470206045,290470206045,"Block Group 5, Census Tract 206.04, Clay County, Missouri",854,624,230
1500000US290470207001,290470207001,"Block Group 1, Census Tract 207, Clay County, Missouri",989,900,89
1500000US290470207002,290470207002,"Block Group 2, Census Tract 207, Clay County, Missouri",1254,1098,156
1500000US290470207003,290470207003,"Block Group 3, Census Tract 207, Clay County, Missouri",670,563,107
1500000US290470207004,290470207004,"Block Group 4, Census Tract 207, Clay County, Missouri",511,479,32
1500000US290470208011,290470208011,"Block Group 1, Census Tract 208.01, Clay County, Missouri",1802,1270,532
1500000US290470208012,290470208012,"Block Group 2, Census Tract 208.01, Clay County, Missouri",2803,2082,721
1500000US290470208013,290470208013,"Block Group 3, Census Tract 208.01, Clay County, Missouri",767,522,245
1500000US290470208014,290470208014,"Block Group 4, Census Tract 208.01, Clay County, Missouri",628,437,191
1500000US290470208021,290470208021,"Block Group 1, Census Tract 208.02, Clay County, Missouri",1427,920,507
1500000US290470208022,290470208022,"Block Group 2, Census Tract 208.02, Clay County, Missouri",632,561,71
1500000US290470208023,290470208023,"Block Group 3, Census Tract 208.02, Clay County, Missouri",2980,2844,136
1500000US290470208024,290470208024,"Block Group 4, Census Tract 208.02, Clay County, Missouri",1432,1307,125
1500000US290470208025,290470208025,"Block Group 5, Census Tract 208.02, Clay County, Missouri",420,219,201
1500000US290470209011,290470209011,"Block Group 1, Census Tract 209.01, Clay County, Missouri",1211,1204,7
1500000US290470209012,290470209012,"Block Group 2, Census Tract 209.01, Clay County, Missouri",1053,869,184
1500000US290470209013,290470209013,"Block Group 3, Census Tract 209.01, Clay County, Missouri",596,436,160
1500000US290470209014,290470209014,"Block Group 4, Census Tract 209.01, Clay County, Missouri",1388,1244,144
1500000US290470209015,290470209015,"Block Group 5, Census Tract 209.01, Clay County, Missouri",1083,683,400
1500000US290470209021,290470209021,"Block Group 1, Census Tract 209.02, Clay County, Missouri",1392,1139,253
1500000US290470209022,290470209022,"Block Group 2, Census Tract 209.02, Clay County, Missouri",973,893,80
1500000US290470210011,290470210011,"Block Group 1, Census Tract 210.01, Clay County, Missouri",1101,1025,76
1500000US290470210012,290470210012,"Block Group 2, Census Tract 210.01, Clay County, Missouri",2220,1129,1091
1500000US290470210021,290470210021,"Block Group 1, Census Tract 210.02, Clay County, Missouri",3957,3219,738
1500000US290470210022,290470210022,"Block Group 2, Census Tract 210.02, Clay County, Missouri",538,295,243
1500000US290470210023,290470210023,"Block Group 3, Census Tract 210.02, Clay County, Missouri",828,680,148
1500000US290470210024,290470210024,"Block Group 4, Census Tract 210.02, Clay County, Missouri",832,690,142
1500000US290470210025,290470210025,"Block Group 5, Census Tract 210.02, Clay County, Missouri",809,762,47
1500000US290470211011,290470211011,"Block Group 1, Census Tract 211.01, Clay County, Missouri",795,615,180
1500000US290470211012,290470211012,"Block Group 2, Census Tract 211.01, Clay County, Missouri",732,615,117
1500000US290470211013,290470211013,"Block Group 3, Census Tract 211.01, Clay County, Missouri",973,555,418
1500000US290470211014,290470211014,"Block Group 4, Census Tract 211.01, Clay County, Missouri",593,492,101
1500000US290470211015,290470211015,"Block Group 5, Census Tract 211.01, Clay County, Missouri",904,532,372
1500000US290470211016,290470211016,"Block Group 6, Census Tract 211.01, Clay County, Missouri",657,454,203
1500000US290470211021,290470211021,"Block Group 1, Census Tract 211.02, Clay County, Missouri",1272,859,413
1500000US290470211022,290470211022,"Block Group 2, Census Tract 211.02, Clay County, Missouri",1820,1034,786
1500000US290470211023,290470211023,"Block Group 3, Census Tract 211.02, Clay County, Missouri",626,607,19
1500000US290470211024,290470211024,"Block Group 4, Census Tract 211.02, Clay County, Missouri",745,685,60
1500000US290470211025,290470211025,"Block Group 5, Census Tract 211.02, Clay County, Missouri",833,772,61
1500000US290470211026,290470211026,"Block Group 6, Census Tract 211.02, Clay County, Missouri",618,346,272
1500000US290470211031,290470211031,"Block Group 1, Census Tract 211.03, Clay County, Missouri",836,625,211
1500000US290470211032,290470211032,"Block Group 2, Census Tract 211.03, Clay County, Missouri",1146,953,193
1500000US290470211033,290470211033,"Block Group 3, Census Tract 211.03, Clay County, Missouri",798,745,53
1500000US290470211034,290470211034,"Block Group 4, Census Tract 211.03, Clay County, Missouri",676,565,111
1500000US290470212031,290470212031,"Block Group 1, Census Tract 212.03, Clay County, Missouri",2007,584,1423
1500000US290470212032,290470212032,"Block Group 2, Census Tract 212.03, Clay County, Missouri",1064,862,202
1500000US290470212033,290470212033,"Block Group 3, Census Tract 212.03, Clay County, Missouri",1214,1018,196
1500000US290470212034,290470212034,"Block Group 4, Census Tract 212.03, Clay County, Missouri",963,885,78
1500000US290470212041,290470212041,"Block Group 1, Census Tract 212.04, Clay County, Missouri",2609,2211,398
1500000US290470212042,290470212042,"Block Group 2, Census Tract 212.04, Clay County, Missouri",670,551,119
1500000US290470212043,290470212043,"Block Group 3, Census Tract 212.04, Clay County, Missouri",1333,220,1113
1500000US290470212051,290470212051,"Block Group 1, Census Tract 212.05, Clay County, Missouri",2279,1818,461
1500000US290470212052,290470212052,"Block Group 2, Census Tract 212.05, Clay County, Missouri",1634,1342,292
1500000US290470212061,290470212061,"Block Group 1, Census Tract 212.06, Clay County, Missouri",693,608,85
1500000US290470212062,290470212062,"Block Group 2, Census Tract 212.06, Clay County, Missouri",3103,3037,66
1500000US290470212063,290470212063,"Block Group 3, Census Tract 212.06, Clay County, Missouri",800,733,67
1500000US290470213031,290470213031,"Block Group 1, Census Tract 213.03, Clay County, Missouri",760,718,42
1500000US290470213041,290470213041,"Block Group 1, Census Tract 213.04, Clay County, Missouri",1369,1237,132
1500000US290470213042,290470213042,"Block Group 2, Census Tract 213.04, Clay County, Missouri",2853,2553,300
1500000US290470213051,290470213051,"Block Group 1, Census Tract 213.05, Clay County, Missouri",1490,1341,149
1500000US290470213052,290470213052,"Block Group 2, Census Tract 213.05, Clay County, Missouri",1572,1479,93
1500000US290470213053,290470213053,"Block Group 3, Census Tract 213.05, Clay County, Missouri",1745,1667,78
1500000US290470213061,290470213061,"Block Group 1, Census Tract 213.06, Clay County, Missouri",1849,1731,118
1500000US290470213062,290470213062,"Block Group 2, Census Tract 213.06, Clay County, Missouri",2339,1852,487
1500000US290470213063,290470213063,"Block Group 3, Census Tract 213.06, Clay County, Missouri",1830,1770,60
1500000US290470214011,290470214011,"Block Group 1, Census Tract 214.01, Clay County, Missouri",339,226,113
1500000US290470214012,290470214012,"Block Group 2, Census Tract 214.01, Clay County, Missouri",341,179,162
1500000US290470214013,290470214013,"Block Group 3, Census Tract 214.01, Clay County, Missouri",2531,2261,270
1500000US290470214014,290470214014,"Block Group 4, Census Tract 214.01, Clay County, Missouri",132,90,42
1500000US290470214021,290470214021,"Block Group 1, Census Tract 214.02, Clay County, Missouri",1327,662,665
1500000US290470214022,290470214022,"Block Group 2, Census Tract 214.02, Clay County, Missouri",1826,1243,583
1500000US290470214023,290470214023,"Block Group 3, Census Tract 214.02, Clay County, Missouri",1647,1088,559
1500000US290470214024,290470214024,"Block Group 4, Census Tract 214.02, Clay County, Missouri",2242,1895,347
1500000US290470215001,290470215001,"Block Group 1, Census Tract 215, Clay County, Missouri",368,277,91
1500000US290470216001,290470216001,"Block Group 1, Census Tract 216, Clay County, Missouri",1125,980,145
1500000US290470216002,290470216002,"Block Group 2, Census Tract 216, Clay County, Missouri",5293,4490,803
1500000US290470217001,290470217001,"Block Group 1, Census Tract 217, Clay County, Missouri",823,603,220
1500000US290470217002,290470217002,"Block Group 2, Census Tract 217, Clay County, Missouri",1472,1135,337
1500000US290470217003,290470217003,"Block Group 3, Census Tract 217, Clay County, Missouri",1117,663,454
1500000US290470217004,290470217004,"Block Group 4, Census Tract 217, Clay County, Missouri",562,362,200
1500000US290470217005,290470217005,"Block Group 5, Census Tract 217, Clay County, Missouri",802,406,396
1500000US290470217006,290470217006,"Block Group 6, Census Tract 217, Clay County, Missouri",810,383,427
1500000US290470217007,290470217007,"Block Group 7, Census Tract 217, Clay County, Missouri",893,654,239
1500000US290470217008,290470217008,"Block Group 8, Census Tract 217, Clay County, Missouri",1446,1178,268
1500000US290470217009,290470217009,"Block Group 9, Census Tract 217, Clay County, Missouri",2454,2101,353
1500000US290470218011,290470218011,"Block Group 1, Census Tract 218.01, Clay County, Missouri",5110,4743,367
1500000US290470218012,290470218012,"Block Group 2, Census Tract 218.01, Clay County, Missouri",1650,1562,88
1500000US290470218013,290470218013,"Block Group 3, Census Tract 218.01, Clay County, Missouri",1068,951,117
1500000US290470218021,290470218021,"Block Group 1, Census Tract 218.02, Clay County, Missouri",1678,1559,119
1500000US290470218022,290470218022,"Block Group 2, Census Tract 218.02, Clay County, Missouri",1212,695,517
1500000US290470218023,290470218023,"Block Group 3, Census Tract 218.02, Clay County, Missouri",4200,3561,639
1500000US290470218024,290470218024,"Block Group 4, Census Tract 218.02, Clay County, Missouri",1299,1228,71
1500000US290470218025,290470218025,"Block Group 5, Census Tract 218.02, Clay County, Missouri",1026,986,40
1500000US290470219001,290470219001,"Block Group 1, Census Tract 219, Clay County, Missouri",1704,1611,93
1500000US290470219002,290470219002,"Block Group 2, Census Tract 219, Clay County, Missouri",1624,1520,104
1500000US290470220001,290470220001,"Block Group 1, Census Tract 220, Clay County, Missouri",1325,975,350
1500000US290470220002,290470220002,"Block Group 2, Census Tract 220, Clay County, Missouri",2328,1768,560
1500000US290950001001,290950001001,"Block Group 1, Census Tract 1, Jackson County, Missouri",74,3,71
1500000US290950002001,290950002001,"Block Group 1, Census Tract 2, Jackson County, Missouri",475,15,460
1500000US290950003001,290950003001,"Block Group 1, Census Tract 3, Jackson County, Missouri",61,7,54
1500000US290950003002,290950003002,"Block Group 2, Census Tract 3, Jackson County, Missouri",536,214,322
1500000US290950004001,290950004001,"Block Group 1, Census Tract 4, Jackson County, Missouri",405,252,153
1500000US290950005011,290950005011,"Block Group 1, Census Tract 5.01, Jackson County, Missouri",127,85,42
1500000US290950005021,290950005021,"Block Group 1, Census Tract 5.02, Jackson County, Missouri",1007,527,480
1500000US290950006001,290950006001,"Block Group 1, Census Tract 6, Jackson County, Missouri",796,461,335
1500000US290950006002,290950006002,"Block Group 2, Census Tract 6, Jackson County, Missouri",941,594,347
1500000US290950006003,290950006003,"Block Group 3, Census Tract 6, Jackson County, Missouri",581,367,214
1500000US290950006004,290950006004,"Block Group 4, Census Tract 6, Jackson County, Missouri",744,526,218
1500000US290950007001,290950007001,"Block Group 1, Census Tract 7, Jackson County, Missouri",779,465,314
1500000US290950007002,290950007002,"Block Group 2, Census Tract 7, Jackson County, Missouri",462,324,138
1500000US290950007003,290950007003,"Block Group 3, Census Tract 7, Jackson County, Missouri",549,362,187
1500000US290950007004,290950007004,"Block Group 4, Census Tract 7, Jackson County, Missouri",724,506,218
1500000US290950008001,290950008001,"Block Group 1, Census Tract 8, Jackson County, Missouri",541,426,115
1500000US290950008002,290950008002,"Block Group 2, Census Tract 8, Jackson County, Missouri",757,541,216
1500000US290950008004,290950008004,"Block Group 4, Census Tract 8, Jackson County, Missouri",862,558,304
1500000US290950008005,290950008005,"Block Group 5, Census Tract 8, Jackson County, Missouri",553,328,225
1500000US290950009001,290950009001,"Block Group 1, Census Tract 9, Jackson County, Missouri",474,316,158
1500000US290950009002,290950009002,"Block Group 2, Census Tract 9, Jackson County, Missouri",618,379,239
1500000US290950009003,290950009003,"Block Group 3, Census Tract 9, Jackson County, Missouri",384,244,140
1500000US290950009004,290950009004,"Block Group 4, Census Tract 9, Jackson County, Missouri",514,199,315
1500000US290950010001,290950010001,"Block Group 1, Census Tract 10, Jackson County, Missouri",327,181,146
1500000US290950010002,290950010002,"Block Group 2, Census Tract 10, Jackson County, Missouri",560,267,293
1500000US290950010003,290950010003,"Block Group 3, Census Tract 10, Jackson County, Missouri",286,132,154
1500000US290950011001,290950011001,"Block Group 1, Census Tract 11, Jackson County, Missouri",628,5,623
1500000US290950011002,290950011002,"Block Group 2, Census Tract 11, Jackson County, Missouri",680,29,651
1500000US290950012001,290950012001,"Block Group 1, Census Tract 12, Jackson County, Missouri",401,18,383
1500000US290950013001,290950013001,"Block Group 1, Census Tract 13, Jackson County, Missouri",362,1,361
1500000US290950014001,290950014001,"Block Group 1, Census Tract 14, Jackson County, Missouri",32,0,32
1500000US290950015001,290950015001,"Block Group 1, Census Tract 15, Jackson County, Missouri",158,23,135
1500000US290950016001,290950016001,"Block Group 1, Census Tract 16, Jackson County, Missouri",35,2,33
1500000US290950017001,290950017001,"Block Group 1, Census Tract 17, Jackson County, Missouri",109,43,66
1500000US290950018001,290950018001,"Block Group 1, Census Tract 18, Jackson County, Missouri",427,202,225
1500000US290950018002,290950018002,"Block Group 2, Census Tract 18, Jackson County, Missouri",496,289,207
1500000US290950018006,290950018006,"Block Group 6, Census Tract 18, Jackson County, Missouri",305,132,173
1500000US290950018007,290950018007,"Block Group 7, Census Tract 18, Jackson County, Missouri",430,234,196
1500000US290950019001,290950019001,"Block Group 1, Census Tract 19, Jackson County, Missouri",654,375,279
1500000US290950019002,290950019002,"Block Group 2, Census Tract 19, Jackson County, Missouri",283,157,126
1500000US290950019003,290950019003,"Block Group 3, Census Tract 19, Jackson County, Missouri",368,225,143
1500000US290950019004,290950019004,"Block Group 4, Census Tract 19, Jackson County, Missouri",538,275,263
1500000US290950020001,290950020001,"Block Group 1, Census Tract 20, Jackson County, Missouri",666,382,284
1500000US290950020002,290950020002,"Block Group 2, Census Tract 20, Jackson County, Missouri",796,544,252
1500000US290950021001,290950021001,"Block Group 1, Census Tract 21, Jackson County, Missouri",417,244,173
1500000US290950021002,290950021002,"Block Group 2, Census Tract 21, Jackson County, Missouri",206,135,71
1500000US290950021003,290950021003,"Block Group 3, Census Tract 21, Jackson County, Missouri",1079,641,438
1500000US290950021004,290950021004,"Block Group 4, Census Tract 21, Jackson County, Missouri",515,347,168
1500000US290950022001,290950022001,"Block Group 1, Census Tract 22, Jackson County, Missouri",683,345,338
1500000US290950022002,290950022002,"Block Group 2, Census Tract 22, Jackson County, Missouri",275,104,171
1500000US290950022003,290950022003,"Block Group 3, Census Tract 22, Jackson County, Missouri",439,310,129
1500000US290950023001,290950023001,"Block Group 1, Census Tract 23, Jackson County, Missouri",302,174,128
1500000US290950023002,290950023002,"Block Group 2, Census Tract 23, Jackson County, Missouri",422,278,144
1500000US290950024001,290950024001,"Block Group 1, Census Tract 24, Jackson County, Missouri",315,180,135
1500000US290950025001,290950025001,"Block Group 1, Census Tract 25, Jackson County, Missouri",15,5,10
1500000US290950026001,290950026001,"Block Group 1, Census Tract 26, Jackson County, Missouri",0,0,0
1500000US290950027001,290950027001,"Block Group 1, Census Tract 27, Jackson County, Missouri",0,0,0
1500000US290950028011,290950028011,"Block Group 1, Census Tract 28.01, Jackson County, Missouri",1,0,1
1500000US290950028021,290950028021,"Block Group 1, Census Tract 28.02, Jackson County, Missouri",0,0,0
1500000US290950029001,290950029001,"Block Group 1, Census Tract 29, Jackson County, Missouri",564,292,272
1500000US290950030001,290950030001,"Block Group 1, Census Tract 30, Jackson County, Missouri",161,96,65
1500000US290950030002,290950030002,"Block Group 2, Census Tract 30, Jackson County, Missouri",279,199,80
1500000US290950030003,290950030003,"Block Group 3, Census Tract 30, Jackson County, Missouri",127,76,51
1500000US290950031001,290950031001,"Block Group 1, Census Tract 31, Jackson County, Missouri",27,7,20
1500000US290950032001,290950032001,"Block Group 1, Census Tract 32, Jackson County, Missouri",4,0,4
1500000US290950033001,290950033001,"Block Group 1, Census Tract 33, Jackson County, Missouri",20,8,12
1500000US290950033002,290950033002,"Block Group 2, Census Tract 33, Jackson County, Missouri",26,19,7
1500000US290950034001,290950034001,"Block Group 1, Census Tract 34, Jackson County, Missouri",295,231,64
1500000US290950034002,290950034002,"Block Group 2, Census Tract 34, Jackson County, Missouri",326,230,96
1500000US290950034003,290950034003,"Block Group 3, Census Tract 34, Jackson County, Missouri",287,163,124
1500000US290950034004,290950034004,"Block Group 4, Census Tract 34, Jackson County, Missouri",260,139,121
1500000US290950035011,290950035011,"Block Group 1, Census Tract 35.01, Jackson County, Missouri",248,174,74
1500000US290950035012,290950035012,"Block Group 2, Census Tract 35.01, Jackson County, Missouri",247,146,101
1500000US290950035021,290950035021,"Block Group 1, Census Tract 35.02, Jackson County, Missouri",184,95,89
1500000US290950036011,290950036011,"Block Group 1, Census Tract 36.01, Jackson County, Missouri",26,16,10
1500000US290950036021,290950036021,"Block Group 1, Census Tract 36.02, Jackson County, Missouri",3,0,3
1500000US290950036022,290950036022,"Block Group 2, Census Tract 36.02, Jackson County, Missouri",39,19,20
1500000US290950037001,290950037001,"Block Group 1, Census Tract 37, Jackson County, Missouri",8,8,0
1500000US290950037002,290950037002,"Block Group 2, Census Tract 37, Jackson County, Missouri",11,8,3
1500000US290950038001,290950038001,"Block Group 1, Census Tract 38, Jackson County, Missouri",10,5,5
1500000US290950038002,290950038002,"Block Group 2, Census Tract 38, Jackson County, Missouri",7,0,7
1500000US290950039001,290950039001,"Block Group 1, Census Tract 39, Jackson County, Missouri",2,1,1
1500000US290950039002,290950039002,"Block Group 2, Census Tract 39, Jackson County, Missouri",2,0,2
1500000US290950040001,290950040001,"Block Group 1, Census Tract 40, Jackson County, Missouri",25,1,24
1500000US290950040002,290950040002,"Block Group 2, Census Tract 40, Jackson County, Missouri",0,0,0
1500000US290950041001,290950041001,"Block Group 1, Census Tract 41, Jackson County, Missouri",13,3,10
1500000US290950042001,290950042001,"Block Group 1, Census Tract 42, Jackson County, Missouri",33,6,27
1500000US290950042002,290950042002,"Block Group 2, Census Tract 42, Jackson County, Missouri",8,6,2
1500000US290950043001,290950043001,"Block Group 1, Census Tract 43, Jackson County, Missouri",364,154,210
1500000US290950043002,290950043002,"Block Group 2, Census Tract 43, Jackson County, Missouri",110,64,46
1500000US290950043003,290950043003,"Block Group 3, Census Tract 43, Jackson County, Missouri",349,212,137
1500000US290950044001,290950044001,"Block Group 1, Census Tract 44, Jackson County, Missouri",670,290,380
1500000US290950045001,290950045001,"Block Group 1, Census Tract 45, Jackson County, Missouri",495,361,134
1500000US290950046001,290950046001,"Block Group 1, Census Tract 46, Jackson County, Missouri",440,415,25
1500000US290950046002,290950046002,"Block Group 2, Census Tract 46, Jackson County, Missouri",284,179,105
1500000US290950046003,290950046003,"Block Group 3, Census Tract 46, Jackson County, Missouri",550,345,205
1500000US290950046004,290950046004,"Block Group 4, Census Tract 46, Jackson County, Missouri",635,277,358
1500000US290950047001,290950047001,"Block Group 1, Census Tract 47, Jackson County, Missouri",592,122,470
1500000US290950048001,290950048001,"Block Group 1, Census Tract 48, Jackson County, Missouri",1081,191,890
1500000US290950048002,290950048002,"Block Group 2, Census Tract 48, Jackson County, Missouri",1020,288,732
1500000US290950049001,290950049001,"Block Group 1, Census Tract 49, Jackson County, Missouri",425,243,182
1500000US290950049002,290950049002,"Block Group 2, Census Tract 49, Jackson County, Missouri",181,48,133
1500000US290950050001,290950050001,"Block Group 1, Census Tract 50, Jackson County, Missouri",346,106,240
1500000US290950050002,290950050002,"Block Group 2, Census Tract 50, Jackson County, Missouri",399,184,215
1500000US290950050003,290950050003,"Block Group 3, Census Tract 50, Jackson County, Missouri",191,10,181
1500000US290950051001,290950051001,"Block Group 1, Census Tract 51, Jackson County, Missouri",755,558,197
1500000US290950051002,290950051002,"Block Group 2, Census Tract 51, Jackson County, Missouri",486,107,379
1500000US290950052001,290950052001,"Block Group 1, Census Tract 52, Jackson County, Missouri",31,11,20
1500000US290950052002,290950052002,"Block Group 2, Census Tract 52, Jackson County, Missouri",52,21,31
1500000US290950053001,290950053001,"Block Group 1, Census Tract 53, Jackson County, Missouri",43,27,16
1500000US290950053002,290950053002,"Block Group 2, Census Tract 53, Jackson County, Missouri",181,125,56
1500000US290950054001,290950054001,"Block Group 1, Census Tract 54, Jackson County, Missouri",13,0,13
1500000US290950054002,290950054002,"Block Group 2, Census Tract 54, Jackson County, Missouri",21,9,12
1500000US290950055001,290950055001,"Block Group 1, Census Tract 55, Jackson County, Missouri",9,8,1
1500000US290950055002,290950055002,"Block Group 2, Census Tract 55, Jackson County, Missouri",10,10,0
1500000US290950056011,290950056011,"Block Group 1, Census Tract 56.01, Jackson County, Missouri",15,8,7
1500000US290950056012,290950056012,"Block Group 2, Census Tract 56.01, Jackson County, Missouri",6,4,2
1500000US290950056021,290950056021,"Block Group 1, Census Tract 56.02, Jackson County, Missouri",20,16,4
1500000US290950056022,290950056022,"Block Group 2, Census Tract 56.02, Jackson County, Missouri",8,8,0
1500000US290950057001,290950057001,"Block Group 1, Census Tract 57, Jackson County, Missouri",3,3,0
1500000US290950057002,290950057002,"Block Group 2, Census Tract 57, Jackson County, Missouri",9,0,9
1500000US290950057003,290950057003,"Block Group 3, Census Tract 57, Jackson County, Missouri",10,7,3
1500000US290950057004,290950057004,"Block Group 4, Census Tract 57, Jackson County, Missouri",5,5,0
1500000US290950058011,290950058011,"Block Group 1, Census Tract 58.01, Jackson County, Missouri",46,3,43
1500000US290950058012,290950058012,"Block Group 2, Census Tract 58.01, Jackson County, Missouri",19,14,5
1500000US290950058013,290950058013,"Block Group 3, Census Tract 58.01, Jackson County, Missouri",20,3,17
1500000US290950058014,290950058014,"Block Group 4, Census Tract 58.01, Jackson County, Missouri",4,3,1
1500000US290950058015,290950058015,"Block Group 5, Census Tract 58.01, Jackson County, Missouri",3,3,0
1500000US290950058021,290950058021,"Block Group 1, Census Tract 58.02, Jackson County, Missouri",31,14,17
1500000US290950058022,290950058022,"Block Group 2, Census Tract 58.02, Jackson County, Missouri",27,13,14
1500000US290950058023,290950058023,"Block Group 3, Census Tract 58.02, Jackson County, Missouri",25,25,0
1500000US290950058024,290950058024,"Block Group 4, Census Tract 58.02, Jackson County, Missouri",13,13,0
1500000US290950059011,290950059011,"Block Group 1, Census Tract 59.01, Jackson County, Missouri",451,314,137
1500000US290950059021,290950059021,"Block Group 1, Census Tract 59.02, Jackson County, Missouri",618,296,322
1500000US290950059022,290950059022,"Block Group 2, Census Tract 59.02, Jackson County, Missouri",307,271,36
1500000US290950059023,290950059023,"Block Group 3, Census Tract 59.02, Jackson County, Missouri",272,89,183
1500000US290950060001,290950060001,"Block Group 1, Census Tract 60, Jackson County, Missouri",12,4,8
1500000US290950060002,290950060002,"Block Group 2, Census Tract 60, Jackson County, Missouri",31,21,10
1500000US290950061001,290950061001,"Block Group 1, Census Tract 61, Jackson County, Missouri",26,14,12
1500000US290950061002,290950061002,"Block Group 2, Census Tract 61, Jackson County, Missouri",0,0,0
1500000US290950061003,290950061003,"Block Group 3, Census Tract 61, Jackson County, Missouri",4,4,0
1500000US290950062001,290950062001,"Block Group 1, Census Tract 62, Jackson County, Missouri",18,6,12
1500000US290950062002,290950062002,"Block Group 2, Census Tract 62, Jackson County, Missouri",4,2,2
1500000US290950063001,290950063001,"Block Group 1, Census Tract 63, Jackson County, Missouri",12,9,3
1500000US290950063002,290950063002,"Block Group 2, Census Tract 63, Jackson County, Missouri",60,6,54
1500000US290950063003,290950063003,"Block Group 3, Census Tract 63, Jackson County, Missouri",71,29,42
1500000US290950064001,290950064001,"Block Group 1, Census Tract 64, Jackson County, Missouri",43,11,32
1500000US290950064002,290950064002,"Block Group 2, Census Tract 64, Jackson County, Missouri",111,75,36
1500000US290950065001,290950065001,"Block Group 1, Census Tract 65, Jackson County, Missouri",486,232,254
1500000US290950065002,290950065002,"Block Group 2, Census Tract 65, Jackson County, Missouri",480,290,190
1500000US290950066001,290950066001,"Block Group 1, Census Tract 66, Jackson County, Missouri",375,261,114
1500000US290950066002,290950066002,"Block Group 2, Census Tract 66, Jackson County, Missouri",427,189,238
1500000US290950066003,290950066003,"Block Group 3, Census Tract 66, Jackson County, Missouri",615,251,364
1500000US290950067001,290950067001,"Block Group 1, Census Tract 67, Jackson County, Missouri",257,44,213
1500000US290950067002,290950067002,"Block Group 2, Census Tract 67, Jackson County, Missouri",386,55,331
1500000US290950067003,290950067003,"Block Group 3, Census Tract 67, Jackson County, Missouri",553,78,475
1500000US290950068001,290950068001,"Block Group 1, Census Tract 68, Jackson County, Missouri",608,69,539
1500000US290950069001,290950069001,"Block Group 1, Census Tract 69, Jackson County, Missouri",523,151,372
1500000US290950069002,290950069002,"Block Group 2, Census Tract 69, Jackson County, Missouri",691,137,554
1500000US290950070001,290950070001,"Block Group 1, Census Tract 70, Jackson County, Missouri",937,304,633
1500000US290950070002,290950070002,"Block Group 2, Census Tract 70, Jackson County, Missouri",670,465,205
1500000US290950070003,290950070003,"Block Group 3, Census Tract 70, Jackson County, Missouri",574,295,279
1500000US290950071001,290950071001,"Block Group 1, Census Tract 71, Jackson County, Missouri",826,109,717
1500000US290950071002,290950071002,"Block Group 2, Census Tract 71, Jackson County, Missouri",666,312,354
1500000US290950071004,290950071004,"Block Group 4, Census Tract 71, Jackson County, Missouri",926,363,563
1500000US290950072001,290950072001,"Block Group 1, Census Tract 72, Jackson County, Missouri",768,730,38
1500000US290950072002,290950072002,"Block Group 2, Census Tract 72, Jackson County, Missouri",532,432,100
1500000US290950072003,290950072003,"Block Group 3, Census Tract 72, Jackson County, Missouri",605,296,309
1500000US290950073001,290950073001,"Block Group 1, Census Tract 73, Jackson County, Missouri",476,3,473
1500000US290950073002,290950073002,"Block Group 2, Census Tract 73, Jackson County, Missouri",485,58,427
1500000US290950073003,290950073003,"Block Group 3, Census Tract 73, Jackson County, Missouri",750,113,637
1500000US290950073004,290950073004,"Block Group 4, Census Tract 73, Jackson County, Missouri",1023,23,1000
1500000US290950074001,290950074001,"Block Group 1, Census Tract 74, Jackson County, Missouri",527,288,239
1500000US290950074002,290950074002,"Block Group 2, Census Tract 74, Jackson County, Missouri",754,194,560
1500000US290950074003,290950074003,"Block Group 3, Census Tract 74, Jackson County, Missouri",535,166,369
1500000US290950074004,290950074004,"Block Group 4, Census Tract 74, Jackson County, Missouri",789,726,63
1500000US290950075001,290950075001,"Block Group 1, Census Tract 75, Jackson County, Missouri",21,13,8
1500000US290950075002,290950075002,"Block Group 2, Census Tract 75, Jackson County, Missouri",217,134,83
1500000US290950075003,290950075003,"Block Group 3, Census Tract 75, Jackson County, Missouri",266,83,183
1500000US290950076001,290950076001,"Block Group 1, Census Tract 76, Jackson County, Missouri",44,37,7
1500000US290950076002,290950076002,"Block Group 2, Census Tract 76, Jackson County, Missouri",26,6,20
1500000US290950076003,290950076003,"Block Group 3, Census Tract 76, Jackson County, Missouri",17,13,4
1500000US290950077001,290950077001,"Block Group 1, Census Tract 77, Jackson County, Missouri",8,2,6
1500000US290950077002,290950077002,"Block Group 2, Census Tract 77, Jackson County, Missouri",20,12,8
1500000US290950078011,290950078011,"Block Group 1, Census Tract 78.01, Jackson County, Missouri",27,11,16
1500000US290950078021,290950078021,"Block Group 1, Census Tract 78.02, Jackson County, Missouri",55,27,28
1500000US290950078022,290950078022,"Block Group 2, Census Tract 78.02, Jackson County, Missouri",20,15,5
1500000US290950078023,290950078023,"Block Group 3, Census Tract 78.02, Jackson County, Missouri",33,11,22
1500000US290950079001,290950079001,"Block Group 1, Census Tract 79, Jackson County, Missouri",51,33,18
1500000US290950079002,290950079002,"Block Group 2, Census Tract 79, Jackson County, Missouri",42,25,17
1500000US290950079003,290950079003,"Block Group 3, Census Tract 79, Jackson County, Missouri",11,1,10
1500000US290950079004,290950079004,"Block Group 4, Census Tract 79, Jackson County, Missouri",39,4,35
1500000US290950079005,290950079005,"Block Group 5, Census Tract 79, Jackson County, Missouri",17,17,0
1500000US290950080001,290950080001,"Block Group 1, Census Tract 80, Jackson County, Missouri",25,4,21
1500000US290950080002,290950080002,"Block Group 2, Census Tract 80, Jackson County, Missouri",12,11,1
1500000US290950080003,290950080003,"Block Group 3, Census Tract 80, Jackson County, Missouri",4,1,3
1500000US290950080004,290950080004,"Block Group 4, Census Tract 80, Jackson County, Missouri",22,12,10
1500000US290950081001,290950081001,"Block Group 1, Census Tract 81, Jackson County, Missouri",39,31,8
1500000US290950081002,290950081002,"Block Group 2, Census Tract 81, Jackson County, Missouri",141,71,70
1500000US290950081003,290950081003,"Block Group 3, Census Tract 81, Jackson County, Missouri",38,21,17
1500000US290950082001,290950082001,"Block Group 1, Census Tract 82, Jackson County, Missouri",672,626,46
1500000US290950082002,290950082002,"Block Group 2, Census Tract 82, Jackson County, Missouri",682,599,83
1500000US290950082003,290950082003,"Block Group 3, Census Tract 82, Jackson County, Missouri",560,434,126
1500000US290950082004,290950082004,"Block Group 4, Census Tract 82, Jackson County, Missouri",553,478,75
1500000US290950083001,290950083001,"Block Group 1, Census Tract 83, Jackson County, Missouri",1138,1095,43
1500000US290950083002,290950083002,"Block Group 2, Census Tract 83, Jackson County, Missouri",1100,1049,51
1500000US290950084001,290950084001,"Block Group 1, Census Tract 84, Jackson County, Missouri",748,741,7
1500000US290950084002,290950084002,"Block Group 2, Census Tract 84, Jackson County, Missouri",736,731,5
1500000US290950084003,290950084003,"Block Group 3, Census Tract 84, Jackson County, Missouri",1215,1183,32
1500000US290950085001,290950085001,"Block Group 1, Census Tract 85, Jackson County, Missouri",662,658,4
1500000US290950085002,290950085002,"Block Group 2, Census Tract 85, Jackson County, Missouri",681,656,25
1500000US290950085003,290950085003,"Block Group 3, Census Tract 85, Jackson County, Missouri",1978,1945,33
1500000US290950086001,290950086001,"Block Group 1, Census Tract 86, Jackson County, Missouri",605,481,124
1500000US290950086002,290950086002,"Block Group 2, Census Tract 86, Jackson County, Missouri",1080,877,203
1500000US290950086003,290950086003,"Block Group 3, Census Tract 86, Jackson County, Missouri",639,533,106
1500000US290950086004,290950086004,"Block Group 4, Census Tract 86, Jackson County, Missouri",1471,1408,63
1500000US290950086005,290950086005,"Block Group 5, Census Tract 86, Jackson County, Missouri",757,674,83
1500000US290950087001,290950087001,"Block Group 1, Census Tract 87, Jackson County, Missouri",71,16,55
1500000US290950087002,290950087002,"Block Group 2, Census Tract 87, Jackson County, Missouri",117,75,42
1500000US290950087003,290950087003,"Block Group 3, Census Tract 87, Jackson County, Missouri",29,21,8
1500000US290950088001,290950088001,"Block Group 1, Census Tract 88, Jackson County, Missouri",29,13,16
1500000US290950088002,290950088002,"Block Group 2, Census Tract 88, Jackson County, Missouri",47,12,35
1500000US290950088003,290950088003,"Block Group 3, Census Tract 88, Jackson County, Missouri",13,7,6
1500000US290950088004,290950088004,"Block Group 4, Census Tract 88, Jackson County, Missouri",16,12,4
1500000US290950088005,290950088005,"Block Group 5, Census Tract 88, Jackson County, Missouri",18,18,0
1500000US290950088006,290950088006,"Block Group 6, Census Tract 88, Jackson County, Missouri",68,49,19
1500000US290950089001,290950089001,"Block Group 1, Census Tract 89, Jackson County, Missouri",5,5,0
1500000US290950089002,290950089002,"Block Group 2, Census Tract 89, Jackson County, Missouri",28,24,4
1500000US290950089003,290950089003,"Block Group 3, Census Tract 89, Jackson County, Missouri",30,22,8
1500000US290950089004,290950089004,"Block Group 4, Census Tract 89, Jackson County, Missouri",0,0,0
1500000US290950090001,290950090001,"Block Group 1, Census Tract 90, Jackson County, Missouri",50,38,12
1500000US290950090002,290950090002,"Block Group 2, Census Tract 90, Jackson County, Missouri",21,15,6
1500000US290950090003,290950090003,"Block Group 3, Census Tract 90, Jackson County, Missouri",76,63,13
1500000US290950090004,290950090004,"Block Group 4, Census Tract 90, Jackson County, Missouri",166,139,27
1500000US290950090005,290950090005,"Block Group 5, Census Tract 90, Jackson County, Missouri",74,54,20
1500000US290950091001,290950091001,"Block Group 1, Census Tract 91, Jackson County, Missouri",479,418,61
1500000US290950091002,290950091002,"Block Group 2, Census Tract 91, Jackson County, Missouri",736,726,10
1500000US290950091003,290950091003,"Block Group 3, Census Tract 91, Jackson County, Missouri",1063,878,185
1500000US290950091004,290950091004,"Block Group 4, Census Tract 91, Jackson County, Missouri",640,472,168
1500000US290950092001,290950092001,"Block Group 1, Census Tract 92, Jackson County, Missouri",1216,1107,109
1500000US290950092002,290950092002,"Block Group 2, Census Tract 92, Jackson County, Missouri",568,439,129
1500000US290950092004,290950092004,"Block Group 4, Census Tract 92, Jackson County, Missouri",885,651,234
1500000US290950093001,290950093001,"Block Group 1, Census Tract 93, Jackson County, Missouri",657,490,167
1500000US290950093002,290950093002,"Block Group 2, Census Tract 93, Jackson County, Missouri",712,586,126
1500000US290950093003,290950093003,"Block Group 3, Census Tract 93, Jackson County, Missouri",800,643,157
1500000US290950094001,290950094001,"Block Group 1, Census Tract 94, Jackson County, Missouri",733,432,301
1500000US290950094002,290950094002,"Block Group 2, Census Tract 94, Jackson County, Missouri",567,422,145
1500000US290950094003,290950094003,"Block Group 3, Census Tract 94, Jackson County, Missouri",499,367,132
1500000US290950094004,290950094004,"Block Group 4, Census Tract 94, Jackson County, Missouri",565,516,49
1500000US290950094005,290950094005,"Block Group 5, Census Tract 94, Jackson County, Missouri",401,229,172
1500000US290950095001,290950095001,"Block Group 1, Census Tract 95, Jackson County, Missouri",477,325,152
1500000US290950095002,290950095002,"Block Group 2, Census Tract 95, Jackson County, Missouri",489,313,176
1500000US290950095003,290950095003,"Block Group 3, Census Tract 95, Jackson County, Missouri",414,320,94
1500000US290950095004,290950095004,"Block Group 4, Census Tract 95, Jackson County, Missouri",92,44,48
1500000US290950096001,290950096001,"Block Group 1, Census Tract 96, Jackson County, Missouri",453,282,171
1500000US290950096002,290950096002,"Block Group 2, Census Tract 96, Jackson County, Missouri",299,229,70
1500000US290950097001,290950097001,"Block Group 1, Census Tract 97, Jackson County, Missouri",200,51,149
1500000US290950097002,290950097002,"Block Group 2, Census Tract 97, Jackson County, Missouri",349,98,251
1500000US290950098001,290950098001,"Block Group 1, Census Tract 98, Jackson County, Missouri",417,68,349
1500000US290950098002,290950098002,"Block Group 2, Census Tract 98, Jackson County, Missouri",1060,919,141
1500000US290950098003,290950098003,"Block Group 3, Census Tract 98, Jackson County, Missouri",867,720,147
1500000US290950098004,290950098004,"Block Group 4, Census Tract 98, Jackson County, Missouri",524,377,147
1500000US290950099001,290950099001,"Block Group 1, Census Tract 99, Jackson County, Missouri",1108,836,272
1500000US290950099002,290950099002,"Block Group 2, Census Tract 99, Jackson County, Missouri",807,745,62
1500000US290950100012,290950100012,"Block Group 2, Census Tract 100.01, Jackson County, Missouri",962,468,494
1500000US290950100013,290950100013,"Block Group 3, Census Tract 100.01, Jackson County, Missouri",606,561,45
1500000US290950100021,290950100021,"Block Group 1, Census Tract 100.02, Jackson County, Missouri",1053,616,437
1500000US290950100022,290950100022,"Block Group 2, Census Tract 100.02, Jackson County, Missouri",1763,270,1493
1500000US290950101031,290950101031,"Block Group 1, Census Tract 101.03, Jackson County, Missouri",608,509,99
1500000US290950101032,290950101032,"Block Group 2, Census Tract 101.03, Jackson County, Missouri",293,245,48
1500000US290950101033,290950101033,"Block Group 3, Census Tract 101.03, Jackson County, Missouri",312,252,60
1500000US290950101041,290950101041,"Block Group 1, Census Tract 101.04, Jackson County, Missouri",616,597,19
1500000US290950101051,290950101051,"Block Group 1, Census Tract 101.05, Jackson County, Missouri",1410,629,781
1500000US290950101052,290950101052,"Block Group 2, Census Tract 101.05, Jackson County, Missouri",660,642,18
1500000US290950101053,290950101053,"Block Group 3, Census Tract 101.05, Jackson County, Missouri",1002,992,10
1500000US290950101061,290950101061,"Block Group 1, Census Tract 101.06, Jackson County, Missouri",772,740,32
1500000US290950101062,290950101062,"Block Group 2, Census Tract 101.06, Jackson County, Missouri",812,376,436
1500000US290950101063,290950101063,"Block Group 3, Census Tract 101.06, Jackson County, Missouri",804,764,40
1500000US290950102011,290950102011,"Block Group 1, Census Tract 102.01, Jackson County, Missouri",601,232,369
1500000US290950102012,290950102012,"Block Group 2, Census Tract 102.01, Jackson County, Missouri",378,335,43
1500000US290950102031,290950102031,"Block Group 1, Census Tract 102.03, Jackson County, Missouri",1026,876,150
1500000US290950102032,290950102032,"Block Group 2, Census Tract 102.03, Jackson County, Missouri",445,442,3
1500000US290950102033,290950102033,"Block Group 3, Census Tract 102.03, Jackson County, Missouri",680,616,64
1500000US290950102034,290950102034,"Block Group 4, Census Tract 102.03, Jackson County, Missouri",772,576,196
1500000US290950102041,290950102041,"Block Group 1, Census Tract 102.04, Jackson County, Missouri",827,429,398
1500000US290950102042,290950102042,"Block Group 2, Census Tract 102.04, Jackson County, Missouri",1287,1135,152
1500000US290950102043,290950102043,"Block Group 3, Census Tract 102.04, Jackson County, Missouri",712,224,488
1500000US290950103011,290950103011,"Block Group 1, Census Tract 103.01, Jackson County, Missouri",332,86,246
1500000US290950103021,290950103021,"Block Group 1, Census Tract 103.02, Jackson County, Missouri",932,690,242
1500000US290950103022,290950103022,"Block Group 2, Census Tract 103.02, Jackson County, Missouri",723,536,187
1500000US290950103023,290950103023,"Block Group 3, Census Tract 103.02, Jackson County, Missouri",528,398,130
1500000US290950104011,290950104011,"Block Group 1, Census Tract 104.01, Jackson County, Missouri",464,341,123
1500000US290950104012,290950104012,"Block Group 2, Census Tract 104.01, Jackson County, Missouri",335,271,64
1500000US290950104021,290950104021,"Block Group 1, Census Tract 104.02, Jackson County, Missouri",591,482,109
1500000US290950105001,290950105001,"Block Group 1, Census Tract 105, Jackson County, Missouri",499,299,200
1500000US290950105002,290950105002,"Block Group 2, Census Tract 105, Jackson County, Missouri",463,365,98
1500000US290950105003,290950105003,"Block Group 3, Census Tract 105, Jackson County, Missouri",372,255,117
1500000US290950105004,290950105004,"Block Group 4, Census Tract 105, Jackson County, Missouri",317,259,58
1500000US290950105005,290950105005,"Block Group 5, Census Tract 105, Jackson County, Missouri",578,475,103
1500000US290950105006,290950105006,"Block Group 6, Census Tract 105, Jackson County, Missouri",227,178,49
1500000US290950105007,290950105007,"Block Group 7, Census Tract 105, Jackson County, Missouri",388,312,76
1500000US290950106001,290950106001,"Block Group 1, Census Tract 106, Jackson County, Missouri",833,771,62
1500000US290950106002,290950106002,"Block Group 2, Census Tract 106, Jackson County, Missouri",902,849,53
1500000US290950106003,290950106003,"Block Group 3, Census Tract 106, Jackson County, Missouri",542,505,37
1500000US290950106004,290950106004,"Block Group 4, Census Tract 106, Jackson County, Missouri",570,469,101
1500000US290950107011,290950107011,"Block Group 1, Census Tract 107.01, Jackson County, Missouri",834,470,364
1500000US290950107021,290950107021,"Block Group 1, Census Tract 107.02, Jackson County, Missouri",806,741,65
1500000US290950107022,290950107022,"Block Group 2, Census Tract 107.02, Jackson County, Missouri",1058,335,723
1500000US290950108011,290950108011,"Block Group 1, Census Tract 108.01, Jackson County, Missouri",1104,833,271
1500000US290950108029,290950108029,"Block Group 9, Census Tract 108.02, Jackson County, Missouri",3,0,3
1500000US290950109011,290950109011,"Block Group 1, Census Tract 109.01, Jackson County, Missouri",600,337,263
1500000US290950109012,290950109012,"Block Group 2, Census Tract 109.01, Jackson County, Missouri",767,278,489
1500000US290950109013,290950109013,"Block Group 3, Census Tract 109.01, Jackson County, Missouri",388,221,167
1500000US290950109021,290950109021,"Block Group 1, Census Tract 109.02, Jackson County, Missouri",630,441,189
1500000US290950110001,290950110001,"Block Group 1, Census Tract 110, Jackson County, Missouri",956,650,306
1500000US290950110002,290950110002,"Block Group 2, Census Tract 110, Jackson County, Missouri",618,405,213
1500000US290950110003,290950110003,"Block Group 3, Census Tract 110, Jackson County, Missouri",1156,730,426
1500000US290950110004,290950110004,"Block Group 4, Census Tract 110, Jackson County, Missouri",838,500,338
1500000US290950110005,290950110005,"Block Group 5, Census Tract 110, Jackson County, Missouri",1020,591,429
1500000US290950111001,290950111001,"Block Group 1, Census Tract 111, Jackson County, Missouri",1128,854,274
1500000US290950111002,290950111002,"Block Group 2, Census Tract 111, Jackson County, Missouri",467,303,164
1500000US290950111003,290950111003,"Block Group 3, Census Tract 111, Jackson County, Missouri",953,565,388
1500000US290950111004,290950111004,"Block Group 4, Census Tract 111, Jackson County, Missouri",973,685,288
1500000US290950112001,290950112001,"Block Group 1, Census Tract 112, Jackson County, Missouri",1041,913,128
1500000US290950112002,290950112002,"Block Group 2, Census Tract 112, Jackson County, Missouri",885,795,90
1500000US290950112003,290950112003,"Block Group 3, Census Tract 112, Jackson County, Missouri",494,298,196
1500000US290950112004,290950112004,"Block Group 4, Census Tract 112, Jackson County, Missouri",637,321,316
1500000US290950113001,290950113001,"Block Group 1, Census Tract 113, Jackson County, Missouri",2644,2041,603
1500000US290950113002,290950113002,"Block Group 2, Census Tract 113, Jackson County, Missouri",1348,1081,267
1500000US290950113003,290950113003,"Block Group 3, Census Tract 113, Jackson County, Missouri",474,223,251
1500000US290950114011,290950114011,"Block Group 1, Census Tract 114.01, Jackson County, Missouri",1444,1155,289
1500000US290950114012,290950114012,"Block Group 2, Census Tract 114.01, Jackson County, Missouri",1215,920,295
1500000US290950114013,290950114013,"Block Group 3, Census Tract 114.01, Jackson County, Missouri",2882,1519,1363
1500000US290950114014,290950114014,"Block Group 4, Census Tract 114.01, Jackson County, Missouri",1160,1040,120
1500000US290950114049,290950114049,"Block Group 9, Census Tract 114.04, Jackson County, Missouri",3450,3154,296
1500000US290950114051,290950114051,"Block Group 1, Census Tract 114.05, Jackson County, Missouri",2019,447,1572
1500000US290950114052,290950114052,"Block Group 2, Census Tract 114.05, Jackson County, Missouri",595,475,120
1500000US290950114061,290950114061,"Block Group 1, Census Tract 114.06, Jackson County, Missouri",1558,1334,224
1500000US290950114062,290950114062,"Block Group 2, Census Tract 114.06, Jackson County, Missouri",2102,1582,520
1500000US290950114063,290950114063,"Block Group 3, Census Tract 114.06, Jackson County, Missouri",1353,1196,157
1500000US290950115001,290950115001,"Block Group 1, Census Tract 115, Jackson County, Missouri",665,361,304
1500000US290950115002,290950115002,"Block Group 2, Census Tract 115, Jackson County, Missouri",869,504,365
1500000US290950115003,290950115003,"Block Group 3, Census Tract 115, Jackson County, Missouri",975,417,558
1500000US290950115004,290950115004,"Block Group 4, Census Tract 115, Jackson County, Missouri",954,630,324
1500000US290950115005,290950115005,"Block Group 5, Census Tract 115, Jackson County, Missouri",1033,608,425
1500000US290950115006,290950115006,"Block Group 6, Census Tract 115, Jackson County, Missouri",828,431,397
1500000US290950116001,290950116001,"Block Group 1, Census Tract 116, Jackson County, Missouri",985,413,572
1500000US290950116002,290950116002,"Block Group 2, Census Tract 116, Jackson County, Missouri",966,560,406
1500000US290950116003,290950116003,"Block Group 3, Census Tract 116, Jackson County, Missouri",835,239,596
1500000US290950116004,290950116004,"Block Group 4, Census Tract 116, Jackson County, Missouri",738,407,331
1500000US290950116005,290950116005,"Block Group 5, Census Tract 116, Jackson County, Missouri",782,534,248
1500000US290950116006,290950116006,"Block Group 6, Census Tract 116, Jackson County, Missouri",534,197,337
1500000US290950117001,290950117001,"Block Group 1, Census Tract 117, Jackson County, Missouri",811,326,485
1500000US290950117002,290950117002,"Block Group 2, Census Tract 117, Jackson County, Missouri",801,477,324
1500000US290950117003,290950117003,"Block Group 3, Census Tract 117, Jackson County, Missouri",830,488,342
1500000US290950117004,290950117004,"Block Group 4, Census Tract 117, Jackson County, Missouri",721,370,351
1500000US290950117005,290950117005,"Block Group 5, Census Tract 117, Jackson County, Missouri",919,336,583
1500000US290950118001,290950118001,"Block Group 1, Census Tract 118, Jackson County, Missouri",821,428,393
1500000US290950118002,290950118002,"Block Group 2, Census Tract 118, Jackson County, Missouri",532,331,201
1500000US290950118003,290950118003,"Block Group 3, Census Tract 118, Jackson County, Missouri",489,328,161
1500000US290950118004,290950118004,"Block Group 4, Census Tract 118, Jackson County, Missouri",1168,689,479
1500000US290950118005,290950118005,"Block Group 5, Census Tract 118, Jackson County, Missouri",308,183,125
1500000US290950118006,290950118006,"Block Group 6, Census Tract 118, Jackson County, Missouri",714,409,305
1500000US290950118007,290950118007,"Block Group 7, Census Tract 118, Jackson County, Missouri",716,443,273
1500000US290950119001,290950119001,"Block Group 1, Census Tract 119, Jackson County, Missouri",864,669,195
1500000US290950119002,290950119002,"Block Group 2, Census Tract 119, Jackson County, Missouri",578,455,123
1500000US290950119003,290950119003,"Block Group 3, Census Tract 119, Jackson County, Missouri",855,764,91
1500000US290950119004,290950119004,"Block Group 4, Census Tract 119, Jackson County, Missouri",834,581,253
1500000US290950120001,290950120001,"Block Group 1, Census Tract 120, Jackson County, Missouri",1224,1043,181
1500000US290950120002,290950120002,"Block Group 2, Census Tract 120, Jackson County, Missouri",752,596,156
1500000US290950120003,290950120003,"Block Group 3, Census Tract 120, Jackson County, Missouri",957,771,186
1500000US290950121001,290950121001,"Block Group 1, Census Tract 121, Jackson County, Missouri",891,480,411
1500000US290950121002,290950121002,"Block Group 2, Census Tract 121, Jackson County, Missouri",199,166,33
1500000US290950121003,290950121003,"Block Group 3, Census Tract 121, Jackson County, Missouri",503,399,104
1500000US290950121004,290950121004,"Block Group 4, Census Tract 121, Jackson County, Missouri",306,281,25
1500000US290950121005,290950121005,"Block Group 5, Census Tract 121, Jackson County, Missouri",862,804,58
1500000US290950121006,290950121006,"Block Group 6, Census Tract 121, Jackson County, Missouri",573,490,83
1500000US290950121007,290950121007,"Block Group 7, Census Tract 121, Jackson County, Missouri",971,792,179
1500000US290950121008,290950121008,"Block Group 8, Census Tract 121, Jackson County, Missouri",673,340,333
1500000US290950122001,290950122001,"Block Group 1, Census Tract 122, Jackson County, Missouri",422,289,133
1500000US290950122002,290950122002,"Block Group 2, Census Tract 122, Jackson County, Missouri",826,599,227
1500000US290950122003,290950122003,"Block Group 3, Census Tract 122, Jackson County, Missouri",1062,721,341
1500000US290950122004,290950122004,"Block Group 4, Census Tract 122, Jackson County, Missouri",963,724,239
1500000US290950122005,290950122005,"Block Group 5, Census Tract 122, Jackson County, Missouri",1252,1175,77
1500000US290950122006,290950122006,"Block Group 6, Census Tract 122, Jackson County, Missouri",564,505,59
1500000US290950122007,290950122007,"Block Group 7, Census Tract 122, Jackson County, Missouri",864,696,168
1500000US290950123001,290950123001,"Block Group 1, Census Tract 123, Jackson County, Missouri",839,601,238
1500000US290950123002,290950123002,"Block Group 2, Census Tract 123, Jackson County, Missouri",1087,1040,47
1500000US290950123003,290950123003,"Block Group 3, Census Tract 123, Jackson County, Missouri",388,268,120
1500000US290950123004,290950123004,"Block Group 4, Census Tract 123, Jackson County, Missouri",392,240,152
1500000US290950123009,290950123009,"Block Group 9, Census Tract 123, Jackson County, Missouri",423,367,56
1500000US290950124001,290950124001,"Block Group 1, Census Tract 124, Jackson County, Missouri",1419,1022,397
1500000US290950124002,290950124002,"Block Group 2, Census Tract 124, Jackson County, Missouri",700,605,95
1500000US290950124003,290950124003,"Block Group 3, Census Tract 124, Jackson County, Missouri",990,914,76
1500000US290950124004,290950124004,"Block Group 4, Census Tract 124, Jackson County, Missouri",635,522,113
1500000US290950125011,290950125011,"Block Group 1, Census Tract 125.01, Jackson County, Missouri",396,341,55
1500000US290950125012,290950125012,"Block Group 2, Census Tract 125.01, Jackson County, Missouri",677,591,86
1500000US290950125013,290950125013,"Block Group 3, Census Tract 125.01, Jackson County, Missouri",444,356,88
1500000US290950125014,290950125014,"Block Group 4, Census Tract 125.01, Jackson County, Missouri",1520,970,550
1500000US290950125021,290950125021,"Block Group 1, Census Tract 125.02, Jackson County, Missouri",527,410,117
1500000US290950125022,290950125022,"Block Group 2, Census Tract 125.02, Jackson County, Missouri",406,372,34
1500000US290950125023,290950125023,"Block Group 3, Census Tract 125.02, Jackson County, Missouri",351,291,60
1500000US290950125024,290950125024,"Block Group 4, Census Tract 125.02, Jackson County, Missouri",500,444,56
1500000US290950125025,290950125025,"Block Group 5, Census Tract 125.02, Jackson County, Missouri",875,668,207
1500000US290950125031,290950125031,"Block Group 1, Census Tract 125.03, Jackson County, Missouri",1370,1284,86
1500000US290950125032,290950125032,"Block Group 2, Census Tract 125.03, Jackson County, Missouri",640,534,106
1500000US290950125033,290950125033,"Block Group 3, Census Tract 125.03, Jackson County, Missouri",1054,1038,16
1500000US290950126001,290950126001,"Block Group 1, Census Tract 126, Jackson County, Missouri",812,235,577
1500000US290950126002,290950126002,"Block Group 2, Census Tract 126, Jackson County, Missouri",389,341,48
1500000US290950126003,290950126003,"Block Group 3, Census Tract 126, Jackson County, Missouri",1003,726,277
1500000US290950126004,290950126004,"Block Group 4, Census Tract 126, Jackson County, Missouri",406,267,139
1500000US290950126005,290950126005,"Block Group 5, Census Tract 126, Jackson County, Missouri",593,427,166
1500000US290950126006,290950126006,"Block Group 6, Census Tract 126, Jackson County, Missouri",846,753,93
1500000US290950127011,290950127011,"Block Group 1, Census Tract 127.01, Jackson County, Missouri",1337,1018,319
1500000US290950127012,290950127012,"Block Group 2, Census Tract 127.01, Jackson County, Missouri",3039,2623,416
1500000US290950127013,290950127013,"Block Group 3, Census Tract 127.01, Jackson County, Missouri",1386,1284,102
1500000US290950127029,290950127029,"Block Group 9, Census Tract 127.02, Jackson County, Missouri",705,662,43
1500000US290950128011,290950128011,"Block Group 1, Census Tract 128.01, Jackson County, Missouri",487,401,86
1500000US290950128012,290950128012,"Block Group 2, Census Tract 128.01, Jackson County, Missouri",943,631,312
1500000US290950128013,290950128013,"Block Group 3, Census Tract 128.01, Jackson County, Missouri",612,538,74
1500000US290950128014,290950128014,"Block Group 4, Census Tract 128.01, Jackson County, Missouri",461,427,34
1500000US290950128015,290950128015,"Block Group 5, Census Tract 128.01, Jackson County, Missouri",1447,1332,115
1500000US290950128016,290950128016,"Block Group 6, Census Tract 128.01, Jackson County, Missouri",697,471,226
1500000US290950128017,290950128017,"Block Group 7, Census Tract 128.01, Jackson County, Missouri",751,671,80
1500000US290950128018,290950128018,"Block Group 8, Census Tract 128.01, Jackson County, Missouri",1536,1396,140
1500000US290950128021,290950128021,"Block Group 1, Census Tract 128.02, Jackson County, Missouri",421,232,189
1500000US290950128022,290950128022,"Block Group 2, Census Tract 128.02, Jackson County, Missouri",2647,2215,432
1500000US290950129021,290950129021,"Block Group 1, Census Tract 129.02, Jackson County, Missouri",339,310,29
1500000US290950129022,290950129022,"Block Group 2, Census Tract 129.02, Jackson County, Missouri",390,349,41
1500000US290950129023,290950129023,"Block Group 3, Census Tract 129.02, Jackson County, Missouri",1167,1018,149
1500000US290950129024,290950129024,"Block Group 4, Census Tract 129.02, Jackson County, Missouri",725,583,142
1500000US290950129031,290950129031,"Block Group 1, Census Tract 129.03, Jackson County, Missouri",631,564,67
1500000US290950129032,290950129032,"Block Group 2, Census Tract 129.03, Jackson County, Missouri",440,376,64
1500000US290950129033,290950129033,"Block Group 3, Census Tract 129.03, Jackson County, Missouri",908,755,153
1500000US290950129034,290950129034,"Block Group 4, Census Tract 129.03, Jackson County, Missouri",398,370,28
1500000US290950129041,290950129041,"Block Group 1, Census Tract 129.04, Jackson County, Missouri",404,372,32
1500000US290950129042,290950129042,"Block Group 2, Census Tract 129.04, Jackson County, Missouri",470,439,31
1500000US290950129043,290950129043,"Block Group 3, Census Tract 129.04, Jackson County, Missouri",570,532,38
1500000US290950130011,290950130011,"Block Group 1, Census Tract 130.01, Jackson County, Missouri",14,7,7
1500000US290950130021,290950130021,"Block Group 1, Census Tract 130.02, Jackson County, Missouri",1051,212,839
1500000US290950130031,290950130031,"Block Group 1, Census Tract 130.03, Jackson County, Missouri",290,267,23
1500000US290950130032,290950130032,"Block Group 2, Census Tract 130.03, Jackson County, Missouri",859,759,100
1500000US290950130033,290950130033,"Block Group 3, Census Tract 130.03, Jackson County, Missouri",1009,416,593
1500000US290950130034,290950130034,"Block Group 4, Census Tract 130.03, Jackson County, Missouri",317,275,42
1500000US290950131001,290950131001,"Block Group 1, Census Tract 131, Jackson County, Missouri",652,364,288
1500000US290950131002,290950131002,"Block Group 2, Census Tract 131, Jackson County, Missouri",621,525,96
1500000US290950131003,290950131003,"Block Group 3, Census Tract 131, Jackson County, Missouri",452,357,95
1500000US290950132021,290950132021,"Block Group 1, Census Tract 132.02, Jackson County, Missouri",331,276,55
1500000US290950132022,290950132022,"Block Group 2, Census Tract 132.02, Jackson County, Missouri",417,231,186
1500000US290950132031,290950132031,"Block Group 1, Census Tract 132.03, Jackson County, Missouri",550,452,98
1500000US290950132032,290950132032,"Block Group 2, Census Tract 132.03, Jackson County, Missouri",645,494,151
1500000US290950132033,290950132033,"Block Group 3, Census Tract 132.03, Jackson County, Missouri",465,302,163
1500000US290950132034,290950132034,"Block Group 4, Census Tract 132.03, Jackson County, Missouri",559,369,190
1500000US290950132041,290950132041,"Block Group 1, Census Tract 132.04, Jackson County, Missouri",615,475,140
1500000US290950132042,290950132042,"Block Group 2, Census Tract 132.04, Jackson County, Missouri",411,357,54
1500000US290950132043,290950132043,"Block Group 3, Census Tract 132.04, Jackson County, Missouri",392,299,93
1500000US290950133013,290950133013,"Block Group 3, Census Tract 133.01, Jackson County, Missouri",938,806,132
1500000US290950133014,290950133014,"Block Group 4, Census Tract 133.01, Jackson County, Missouri",355,210,145
1500000US290950133015,290950133015,"Block Group 5, Census Tract 133.01, Jackson County, Missouri",1085,555,530
1500000US290950133016,290950133016,"Block Group 6, Census Tract 133.01, Jackson County, Missouri",189,6,183
1500000US290950133017,290950133017,"Block Group 7, Census Tract 133.01, Jackson County, Missouri",1040,693,347
1500000US290950133021,290950133021,"Block Group 1, Census Tract 133.02, Jackson County, Missouri",1439,952,487
1500000US290950133022,290950133022,"Block Group 2, Census Tract 133.02, Jackson County, Missouri",852,782,70
1500000US290950133023,290950133023,"Block Group 3, Census Tract 133.02, Jackson County, Missouri",211,201,10
1500000US290950133024,290950133024,"Block Group 4, Census Tract 133.02, Jackson County, Missouri",702,345,357
1500000US290950133031,290950133031,"Block Group 1, Census Tract 133.03, Jackson County, Missouri",1237,1122,115
1500000US290950133032,290950133032,"Block Group 2, Census Tract 133.03, Jackson County, Missouri",2283,1985,298
1500000US290950134011,290950134011,"Block Group 1, Census Tract 134.01, Jackson County, Missouri",741,359,382
1500000US290950134012,290950134012,"Block Group 2, Census Tract 134.01, Jackson County, Missouri",395,77,318
1500000US290950134019,290950134019,"Block Group 9, Census Tract 134.01, Jackson County, Missouri",369,70,299
1500000US290950134049,290950134049,"Block Group 9, Census Tract 134.04, Jackson County, Missouri",118,98,20
1500000US290950134051,290950134051,"Block Group 1, Census Tract 134.05, Jackson County, Missouri",829,447,382
1500000US290950134059,290950134059,"Block Group 9, Census Tract 134.05, Jackson County, Missouri",187,103,84
1500000US290950134061,290950134061,"Block Group 1, Census Tract 134.06, Jackson County, Missouri",2302,1202,1100
1500000US290950134069,290950134069,"Block Group 9, Census Tract 134.06, Jackson County, Missouri",817,732,85
1500000US290950134071,290950134071,"Block Group 1, Census Tract 134.07, Jackson County, Missouri",953,940,13
1500000US290950134072,290950134072,"Block Group 2, Census Tract 134.07, Jackson County, Missouri",1358,1176,182
1500000US290950134081,290950134081,"Block Group 1, Census Tract 134.08, Jackson County, Missouri",1250,602,648
1500000US290950134082,290950134082,"Block Group 2, Census Tract 134.08, Jackson County, Missouri",2096,1607,489
1500000US290950134083,290950134083,"Block Group 3, Census Tract 134.08, Jackson County, Missouri",704,601,103
1500000US290950135011,290950135011,"Block Group 1, Census Tract 135.01, Jackson County, Missouri",1337,1215,122
1500000US290950135012,290950135012,"Block Group 2, Census Tract 135.01, Jackson County, Missouri",1644,1417,227
1500000US290950135013,290950135013,"Block Group 3, Census Tract 135.01, Jackson County, Missouri",1206,1185,21
1500000US290950135021,290950135021,"Block Group 1, Census Tract 135.02, Jackson County, Missouri",4069,3836,233
1500000US290950136011,290950136011,"Block Group 1, Census Tract 136.01, Jackson County, Missouri",417,257,160
1500000US290950136012,290950136012,"Block Group 2, Census Tract 136.01, Jackson County, Missouri",2505,839,1666
1500000US290950136013,290950136013,"Block Group 3, Census Tract 136.01, Jackson County, Missouri",1799,1560,239
1500000US290950136014,290950136014,"Block Group 4, Census Tract 136.01, Jackson County, Missouri",1713,1656,57
1500000US290950136021,290950136021,"Block Group 1, Census Tract 136.02, Jackson County, Missouri",1224,1222,2
1500000US290950136022,290950136022,"Block Group 2, Census Tract 136.02, Jackson County, Missouri",1368,1346,22
1500000US290950137011,290950137011,"Block Group 1, Census Tract 137.01, Jackson County, Missouri",755,257,498
1500000US290950137012,290950137012,"Block Group 2, Census Tract 137.01, Jackson County, Missouri",946,849,97
1500000US290950137013,290950137013,"Block Group 3, Census Tract 137.01, Jackson County, Missouri",1794,1570,224
1500000US290950137021,290950137021,"Block Group 1, Census Tract 137.02, Jackson County, Missouri",68,24,44
1500000US290950137022,290950137022,"Block Group 2, Census Tract 137.02, Jackson County, Missouri",765,575,190
1500000US290950137023,290950137023,"Block Group 3, Census Tract 137.02, Jackson County, Missouri",1765,1006,759
1500000US290950137024,290950137024,"Block Group 4, Census Tract 137.02, Jackson County, Missouri",944,746,198
1500000US290950137031,290950137031,"Block Group 1, Census Tract 137.03, Jackson County, Missouri",2272,1245,1027
1500000US290950137032,290950137032,"Block Group 2, Census Tract 137.03, Jackson County, Missouri",1434,403,1031
1500000US290950137033,290950137033,"Block Group 3, Census Tract 137.03, Jackson County, Missouri",187,111,76
1500000US290950137034,290950137034,"Block Group 4, Census Tract 137.03, Jackson County, Missouri",1165,666,499
1500000US290950137041,290950137041,"Block Group 1, Census Tract 137.04, Jackson County, Missouri",1714,1448,266
1500000US290950137042,290950137042,"Block Group 2, Census Tract 137.04, Jackson County, Missouri",1759,1324,435
1500000US290950137049,290950137049,"Block Group 9, Census Tract 137.04, Jackson County, Missouri",1854,1778,76
1500000US290950138011,290950138011,"Block Group 1, Census Tract 138.01, Jackson County, Missouri",2928,1920,1008
1500000US290950138012,290950138012,"Block Group 2, Census Tract 138.01, Jackson County, Missouri",2520,2290,230
1500000US290950138021,290950138021,"Block Group 1, Census Tract 138.02, Jackson County, Missouri",1675,1380,295
1500000US290950138022,290950138022,"Block Group 2, Census Tract 138.02, Jackson County, Missouri",1823,1649,174
1500000US290950138023,290950138023,"Block Group 3, Census Tract 138.02, Jackson County, Missouri",1788,1571,217
1500000US290950138024,290950138024,"Block Group 4, Census Tract 138.02, Jackson County, Missouri",1530,1398,132
1500000US290950139011,290950139011,"Block Group 1, Census Tract 139.01, Jackson County, Missouri",3149,2907,242
1500000US290950139012,290950139012,"Block Group 2, Census Tract 139.01, Jackson County, Missouri",2697,2500,197
1500000US290950139021,290950139021,"Block Group 1, Census Tract 139.02, Jackson County, Missouri",353,307,46
1500000US290950139022,290950139022,"Block Group 2, Census Tract 139.02, Jackson County, Missouri",370,306,64
1500000US290950139031,290950139031,"Block Group 1, Census Tract 139.03, Jackson County, Missouri",1370,1319,51
1500000US290950139032,290950139032,"Block Group 2, Census Tract 139.03, Jackson County, Missouri",1952,1902,50
1500000US290950139033,290950139033,"Block Group 3, Census Tract 139.03, Jackson County, Missouri",2717,2263,454
1500000US290950139034,290950139034,"Block Group 4, Census Tract 139.03, Jackson County, Missouri",278,266,12
1500000US290950139041,290950139041,"Block Group 1, Census Tract 139.04, Jackson County, Missouri",2389,2188,201
1500000US290950139042,290950139042,"Block Group 2, Census Tract 139.04, Jackson County, Missouri",1697,1656,41
1500000US290950139043,290950139043,"Block Group 3, Census Tract 139.04, Jackson County, Missouri",1833,1808,25
1500000US290950140011,290950140011,"Block Group 1, Census Tract 140.01, Jackson County, Missouri",994,708,286
1500000US290950140012,290950140012,"Block Group 2, Census Tract 140.01, Jackson County, Missouri",4226,3328,898
1500000US290950140021,290950140021,"Block Group 1, Census Tract 140.02, Jackson County, Missouri",540,516,24
1500000US290950140022,290950140022,"Block Group 2, Census Tract 140.02, Jackson County, Missouri",712,632,80
1500000US290950140023,290950140023,"Block Group 3, Census Tract 140.02, Jackson County, Missouri",452,393,59
1500000US290950140031,290950140031,"Block Group 1, Census Tract 140.03, Jackson County, Missouri",2065,1499,566
1500000US290950140032,290950140032,"Block Group 2, Census Tract 140.03, Jackson County, Missouri",3570,2606,964
1500000US290950141011,290950141011,"Block Group 1, Census Tract 141.01, Jackson County, Missouri",4296,2336,1960
1500000US290950141012,290950141012,"Block Group 2, Census Tract 141.01, Jackson County, Missouri",828,527,301
1500000US290950141013,290950141013,"Block Group 3, Census Tract 141.01, Jackson County, Missouri",647,414,233
1500000US290950141014,290950141014,"Block Group 4, Census Tract 141.01, Jackson County, Missouri",390,205,185
1500000US290950141043,290950141043,"Block Group 3, Census Tract 141.04, Jackson County, Missouri",6634,5415,1219
1500000US290950141049,290950141049,"Block Group 9, Census Tract 141.04, Jackson County, Missouri",2380,2206,174
1500000US290950141051,290950141051,"Block Group 1, Census Tract 141.05, Jackson County, Missouri",51,38,13
1500000US290950141052,290950141052,"Block Group 2, Census Tract 141.05, Jackson County, Missouri",6099,4925,1174
1500000US290950141059,290950141059,"Block Group 9, Census Tract 141.05, Jackson County, Missouri",543,517,26
1500000US290950141066,290950141066,"Block Group 6, Census Tract 141.06, Jackson County, Missouri",2496,2360,136
1500000US290950141071,290950141071,"Block Group 1, Census Tract 141.07, Jackson County, Missouri",5195,4345,850
1500000US290950141081,290950141081,"Block Group 1, Census Tract 141.08, Jackson County, Missouri",2871,1757,1114
1500000US290950141082,290950141082,"Block Group 2, Census Tract 141.08, Jackson County, Missouri",1298,856,442
1500000US290950141083,290950141083,"Block Group 3, Census Tract 141.08, Jackson County, Missouri",1526,1283,243
1500000US290950142029,290950142029,"Block Group 9, Census Tract 142.02, Jackson County, Missouri",2110,1862,248
1500000US290950142031,290950142031,"Block Group 1, Census Tract 142.03, Jackson County, Missouri",745,744,1
1500000US290950142032,290950142032,"Block Group 2, Census Tract 142.03, Jackson County, Missouri",951,934,17
1500000US290950142041,290950142041,"Block Group 1, Census Tract 142.04, Jackson County, Missouri",1516,1498,18
1500000US290950142042,290950142042,"Block Group 2, Census Tract 142.04, Jackson County, Missouri",2580,2552,28
1500000US290950142043,290950142043,"Block Group 3, Census Tract 142.04, Jackson County, Missouri",2108,1372,736
1500000US290950143001,290950143001,"Block Group 1, Census Tract 143, Jackson County, Missouri",1420,1245,175
1500000US290950143002,290950143002,"Block Group 2, Census Tract 143, Jackson County, Missouri",1759,1433,326
1500000US290950144001,290950144001,"Block Group 1, Census Tract 144, Jackson County, Missouri",1142,706,436
1500000US290950145011,290950145011,"Block Group 1, Census Tract 145.01, Jackson County, Missouri",1799,1553,246
1500000US290950145012,290950145012,"Block Group 2, Census Tract 145.01, Jackson County, Missouri",1679,1123,556
1500000US290950145021,290950145021,"Block Group 1, Census Tract 145.02, Jackson County, Missouri",1852,1629,223
1500000US290950145022,290950145022,"Block Group 2, Census Tract 145.02, Jackson County, Missouri",2248,2024,224
1500000US290950146011,290950146011,"Block Group 1, Census Tract 146.01, Jackson County, Missouri",2106,1713,393
1500000US290950146012,290950146012,"Block Group 2, Census Tract 146.01, Jackson County, Missouri",983,908,75
1500000US290950146013,290950146013,"Block Group 3, Census Tract 146.01, Jackson County, Missouri",875,812,63
1500000US290950146014,290950146014,"Block Group 4, Census Tract 146.01, Jackson County, Missouri",1083,1026,57
1500000US290950146031,290950146031,"Block Group 1, Census Tract 146.03, Jackson County, Missouri",1421,1290,131
1500000US290950146032,290950146032,"Block Group 2, Census Tract 146.03, Jackson County, Missouri",1970,1776,194
1500000US290950146041,290950146041,"Block Group 1, Census Tract 146.04, Jackson County, Missouri",780,526,254
1500000US290950146042,290950146042,"Block Group 2, Census Tract 146.04, Jackson County, Missouri",2661,1156,1505
1500000US290950146043,290950146043,"Block Group 3, Census Tract 146.04, Jackson County, Missouri",1030,527,503
1500000US290950147011,290950147011,"Block Group 1, Census Tract 147.01, Jackson County, Missouri",1458,1440,18
1500000US290950147012,290950147012,"Block Group 2, Census Tract 147.01, Jackson County, Missouri",427,2,425
1500000US290950147021,290950147021,"Block Group 1, Census Tract 147.02, Jackson County, Missouri",1403,1334,69
1500000US290950147022,290950147022,"Block Group 2, Census Tract 147.02, Jackson County, Missouri",558,521,37
1500000US290950147023,290950147023,"Block Group 3, Census Tract 147.02, Jackson County, Missouri",1590,1494,96
1500000US290950147024,290950147024,"Block Group 4, Census Tract 147.02, Jackson County, Missouri",1141,1069,72
1500000US290950148019,290950148019,"Block Group 9, Census Tract 148.01, Jackson County, Missouri",1754,1639,115
1500000US290950148021,290950148021,"Block Group 1, Census Tract 148.02, Jackson County, Missouri",3726,3307,419
1500000US290950149011,290950149011,"Block Group 1, Census Tract 149.01, Jackson County, Missouri",300,282,18
1500000US290950149012,290950149012,"Block Group 2, Census Tract 149.01, Jackson County, Missouri",169,134,35
1500000US290950149021,290950149021,"Block Group 1, Census Tract 149.02, Jackson County, Missouri",871,715,156
1500000US290950149022,290950149022,"Block Group 2, Census Tract 149.02, Jackson County, Missouri",709,517,192
1500000US290950149031,290950149031,"Block Group 1, Census Tract 149.03, Jackson County, Missouri",850,761,89
1500000US290950149032,290950149032,"Block Group 2, Census Tract 149.03, Jackson County, Missouri",2218,2054,164
1500000US290950149041,290950149041,"Block Group 1, Census Tract 149.04, Jackson County, Missouri",4488,3955,533
1500000US290950149042,290950149042,"Block Group 2, Census Tract 149.04, Jackson County, Missouri",1548,921,627
1500000US290950149051,290950149051,"Block Group 1, Census Tract 149.05, Jackson County, Missouri",2672,2643,29
1500000US290950149052,290950149052,"Block Group 2, Census Tract 149.05, Jackson County, Missouri",732,622,110
1500000US290950150001,290950150001,"Block Group 1, Census Tract 150, Jackson County, Missouri",1113,840,273
1500000US290950150002,290950150002,"Block Group 2, Census Tract 150, Jackson County, Missouri",233,214,19
1500000US290950150004,290950150004,"Block Group 4, Census Tract 150, Jackson County, Missouri",515,426,89
1500000US290950150005,290950150005,"Block Group 5, Census Tract 150, Jackson County, Missouri",92,56,36
1500000US290950150006,290950150006,"Block Group 6, Census Tract 150, Jackson County, Missouri",328,253,75
1500000US290950150007,290950150007,"Block Group 7, Census Tract 150, Jackson County, Missouri",1299,1200,99
1500000US290950151009,290950151009,"Block Group 9, Census Tract 151, Jackson County, Missouri",4898,4054,844
1500000US291650300011,291650300011,"Block Group 1, Census Tract 300.01, Platte County, Missouri",1573,1237,336
1500000US291650300012,291650300012,"Block Group 2, Census Tract 300.01, Platte County, Missouri",2765,2038,727
1500000US291650300013,291650300013,"Block Group 3, Census Tract 300.01, Platte County, Missouri",1240,1156,84
1500000US291650300014,291650300014,"Block Group 4, Census Tract 300.01, Platte County, Missouri",724,504,220
1500000US291650300021,291650300021,"Block Group 1, Census Tract 300.02, Platte County, Missouri",914,712,202
1500000US291650300022,291650300022,"Block Group 2, Census Tract 300.02, Platte County, Missouri",1396,102,1294
1500000US291650301011,291650301011,"Block Group 1, Census Tract 301.01, Platte County, Missouri",840,697,143
1500000US291650301012,291650301012,"Block Group 2, Census Tract 301.01, Platte County, Missouri",2172,2053,119
1500000US291650301021,291650301021,"Block Group 1, Census Tract 301.02, Platte County, Missouri",2570,1898,672
1500000US291650301031,291650301031,"Block Group 1, Census Tract 301.03, Platte County, Missouri",3239,2427,812
1500000US291650301032,291650301032,"Block Group 2, Census Tract 301.03, Platte County, Missouri",922,884,38
1500000US291650302011,291650302011,"Block Group 1, Census Tract 302.01, Platte County, Missouri",300,231,69
1500000US291650302051,291650302051,"Block Group 1, Census Tract 302.05, Platte County, Missouri",933,680,253
1500000US291650302052,291650302052,"Block Group 2, Census Tract 302.05, Platte County, Missouri",2744,1705,1039
1500000US291650302061,291650302061,"Block Group 1, Census Tract 302.06, Platte County, Missouri",2635,1057,1578
1500000US291650302071,291650302071,"Block Group 1, Census Tract 302.07, Platte County, Missouri",1610,913,697
1500000US291650302072,291650302072,"Block Group 2, Census Tract 302.07, Platte County, Missouri",942,868,74
1500000US291650302073,291650302073,"Block Group 3, Census Tract 302.07, Platte County, Missouri",864,651,213
1500000US291650302074,291650302074,"Block Group 4, Census Tract 302.07, Platte County, Missouri",1028,857,171
1500000US291650302081,291650302081,"Block Group 1, Census Tract 302.08, Platte County, Missouri",2457,2345,112
1500000US291650302091,291650302091,"Block Group 1, Census Tract 302.09, Platte County, Missouri",2194,1558,636
1500000US291650302092,291650302092,"Block Group 2, Census Tract 302.09, Platte County, Missouri",3355,2806,549
1500000US291650302093,291650302093,"Block Group 3, Census Tract 302.09, Platte County, Missouri",1388,1104,284
1500000US291650303041,291650303041,"Block Group 1, Census Tract 303.04, Platte County, Missouri",1414,1366,48
1500000US291650303042,291650303042,"Block Group 2, Census Tract 303.04, Platte County, Missouri",1536,851,685
1500000US291650303051,291650303051,"Block Group 1, Census Tract 303.05, Platte County, Missouri",1626,1451,175
1500000US291650303052,291650303052,"Block Group 2, Census Tract 303.05, Platte County, Missouri",803,705,98
1500000US291650303053,291650303053,"Block Group 3, Census Tract 303.05, Platte County, Missouri",655,443,212
1500000US291650303054,291650303054,"Block Group 4, Census Tract 303.05, Platte County, Missouri",635,11,624
1500000US291650303055,291650303055,"Block Group 5, Census Tract 303.05, Platte County, Missouri",1367,1223,144
1500000US291650303056,291650303056,"Block Group 6, Census Tract 303.05, Platte County, Missouri",719,315,404
1500000US291650303057,291650303057,"Block Group 7, Census Tract 303.05, Platte County, Missouri",560,204,356
1500000US291650303058,291650303058,"Block Group 8, Census Tract 303.05, Platte County, Missouri",757,695,62
1500000US291650303061,291650303061,"Block Group 1, Census Tract 303.06, Platte County, Missouri",2011,1972,39
1500000US291650304017,291650304017,"Block Group 7, Census Tract 304.01, Platte County, Missouri",611,587,24
1500000US291650304018,291650304018,"Block Group 8, Census Tract 304.01, Platte County, Missouri",976,898,78
1500000US291650304019,291650304019,"Block Group 9, Census Tract 304.01, Platte County, Missouri",980,878,102
1500000US291650305001,291650305001,"Block Group 1, Census Tract 305, Platte County, Missouri",441,253,188
1500000US291650305002,291650305002,"Block Group 2, Census Tract 305, Platte County, Missouri",644,227,417
1500000US291650305003,291650305003,"Block Group 3, Census Tract 305, Platte County, Missouri",678,431,247
1500000US291650305004,291650305004,"Block Group 4, Census Tract 305, Platte County, Missouri",711,537,174
1500000US291650305005,291650305005,"Block Group 5, Census Tract 305, Platte County, Missouri",611,366,245
1500000US291650305006,291650305006,"Block Group 6, Census Tract 305, Platte County, Missouri",669,456,213
1500000US291650306001,291650306001,"Block Group 1, Census Tract 306, Platte County, Missouri",607,432,175
1500000US291650306002,291650306002,"Block Group 2, Census Tract 306, Platte County, Missouri",1222,1161,61
1500000US291650306003,291650306003,"Block Group 3, Census Tract 306, Platte County, Missouri",1040,866,174
1500000US291650306004,291650306004,"Block Group 4, Census Tract 306, Platte County, Missouri",1052,795,257
1500000US291650306005,291650306005,"Block Group 5, Census Tract 306, Platte County, Missouri",1038,937,101
1500000US291650306006,291650306006,"Block Group 6, Census Tract 306, Platte County, Missouri",1909,1742,167
1500000US291650307001,291650307001,"Block Group 1, Census Tract 307, Platte County, Missouri",731,457,274
1500000US291650307002,291650307002,"Block Group 2, Census Tract 307, Platte County, Missouri",835,565,270
1500000US291650307003,291650307003,"Block Group 3, Census Tract 307, Platte County, Missouri",460,391,69
1500000US291650307004,291650307004,"Block Group 4, Census Tract 307, Platte County, Missouri",1239,1013,226
